id,label
541c4d41e,48
1c4736dea,67
8d808a07b,4
c37a6f3e9,73
dfc9c6a23,4
ffd3661d4,48
6e644aad3,48
c2c5a8cc9,4
630ba700c,73
8a952300f,73
9704969a7,4
98f62f563,48
550290aaa,4
22149c3fd,67
6e4cea791,4
0b9afbdf2,4
a98328317,4
59d1b6146,4
252d840db,4
b9e60ac3b,4
aaa580243,73
53cfc6586,48
0cfc11aec,67
855229539,67
45a842008,4
07c0d22bb,4
ff889e23b,48
8097bc805,48
e0098a158,4
48c96bd6b,4
dfd946ac8,4
78dbf0e31,67
0c79ae44d,67
8b2742145,67
333beeeb9,4
512aaea7c,73
acf17fceb,4
b4663783a,73
d95bb7f70,4
2f9bf2b8a,73
0ae82a090,73
7b437ba4e,67
0c3ae4377,48
478e21c30,4
9fe27bb58,4
111388cb7,75
9fc75b12b,4
b57dfb28a,73
91b8321dd,67
4acd9d511,4
85f57ce0b,4
c245c24bd,4
73a3ae7ee,4
1b7aef8e8,73
a31f90373,48
a51abdf4f,4
c1f18cb5d,67
8f252ecb2,67
3b66e2c2a,67
3cf6321ab,67
84fc77fbd,67
6066bf3b3,4
0c3928144,73
0f33f1ca9,4
410639882,73
d6143b4d4,103
0bf251179,73
0cf6cceda,67
01cf43e0a,48
91db7053a,73
a51b01392,73
a83db002c,48
c2d849108,67
584b3a955,4
ef31624e8,48
09780bc52,4
5b87d8d4b,73
2f90dff16,73
2dd56f346,48
70d635915,73
04a7a4f50,4
0542511ad,4
0120d37e5,4
ac0930c4d,67
116b7f1b1,67
94d32655a,73
319090100,48
0039e54f0,73
885f2eac5,67
8e7173502,67
d5320553f,4
7efb877f1,73
5b0a35493,67
3f3977d40,67
8899f1bd1,4
2fafd906d,73
37090107a,4
c8bec0f66,47
27bf39b00,73
53be7448d,4
f4cd5efa6,48
ae62dc8b0,48
e45a81eb4,4
2df00f8e9,4
83714b580,4
5fff5ccb0,67
5002bff77,67
41ab6b40a,4
2d0752813,4
7acc72b45,67
212081efd,48
a6db70773,4
42b0abd95,48
a29fae12a,73
6074e6638,73
fa612d18c,48
aa070417f,48
6d34e11fc,4
7b825842e,4
ac6d42eca,48
ca82d5eb3,4
8d8f3ee47,67
cd4b41085,4
a0925df64,73
73092f468,4
5eabca233,67
1a5872fb5,73
ec60dee71,48
a256f13ff,4
7c856ad41,73
3a1c2ac95,73
4e5e899bd,4
997575057,4
33a504d5d,67
2cb2c881e,4
30eaaa6c9,73
401b6e0c9,4
9950111eb,48
2a5e80a12,48
1f244d315,4
bd8139bb7,48
780f371fd,73
72e6235c1,48
eb86fad74,4
b784d7a07,73
06291a920,67
3cb2f9e9c,48
f2cb54027,48
473c84ae9,67
e7292df85,4
5bb0fd4f7,4
67056dfa6,67
87020b1ce,73
15409e0d2,73
1c4bdac93,48
efa3cd848,4
03091fb7a,4
3231f45f3,73
9a4c23eeb,73
7dd20f99e,73
d9aa13213,73
e345afe29,48
a1a2e7691,48
4abefc989,67
b61f62d90,4
2538e0716,48
28f90d5f0,73
c476f6495,4
a2aa2199a,67
7a7fefad9,73
50de80a98,4
45655caf4,4
8756842ba,73
48f82311a,67
fe2bfa700,67
1dc234d6d,48
710a380e2,4
a2b499115,67
760068096,4
954d0fe63,4
5c2b3adde,73
2a0dc41cd,73
ba9e33af2,75
26d1f0e73,67
41f6cf7e1,48
774e6e2a9,48
0435e3c70,67
6521bc49e,67
92c33e670,67
6115fb1ac,4
19e95658b,73
8d53d2814,4
0fc91f469,4
9f6708c0b,4
e58b03040,4
8c102e395,48
b1041fc0d,73
3da7e8585,67
3d2ee2570,73
cc9cd7803,4
8d5494b6f,4
3cc7863f5,4
50ee680eb,67
f5b855bb6,67
c8aa236c5,4
4b4291637,48
141fe61d6,73
cbb2dd81a,48
6c6ba5d80,75
2d3ea8986,4
6ef2473d3,4
54f73d67c,47
32b46db46,73
4fb5992b3,73
11b0ea314,48
1ee5a55be,73
5f0542bfc,75
3b89f294f,73
8af7864d3,73
814e0e21e,75
2b347b559,73
e5f6dbca4,48
73ff3946d,73
dcbd123a6,4
1a96992d9,67
abfe5bd86,73
a19256173,48
22f63c29b,4
1d149bccd,48
32aa8548d,67
9a4b0da88,4
e203d6713,4
33f20f40b,4
083ee0c99,67
2bf06cd03,4
a91426ca4,4
28fa2b3c8,48
aedab5dc5,67
36c344ab5,4
ce71e2dfe,75
0ac2378b9,48
7c30e1a81,75
8e2b5a31b,4
f670aa5ac,73
45c6bef70,73
49ebce8a6,73
5b3c21bc7,4
c7dad9e04,48
369693f04,48
12c738d87,67
22eaa8132,4
94db73148,73
cf95485eb,67
9b1b30062,67
e7393ca3b,73
b547b5949,4
c251cfdb5,73
6aaaa29e5,67
336577848,4
15f331c1c,4
c099603ac,4
2841a62a6,67
2b782bb3f,67
56e5b72fb,48
46ccb6bd3,67
246798d36,67
53ef32294,48
0b1ddcd93,73
c2915a59d,4
01c633ff1,67
e9b9e8a26,48
75d255458,73
b9b1f27a7,73
ed127c922,67
6939eb499,4
5b8579555,48
ec09668c7,67
9679190dd,4
50a645c94,48
2eb1d2313,4
9c2f4d9ba,67
23253eaed,67
aedb03983,73
ff30e8b96,67
5413350ec,67
44e4c1b98,67
400b2bbda,4
c145a87d1,67
d09afd3b0,4
eea83069a,73
a2606d96b,75
cd27460a9,67
58c271df1,67
eb64f3c3f,87
49b260995,73
0dd7f1f16,73
282dca22f,4
b5422eec0,73
edbf64b0b,67
54493a1bd,67
7302be7da,4
f7f45e1d2,48
c0de46b28,67
88be303e1,4
4c1b8a5c3,67
b2a655d89,73
fac9307e4,4
662f8bc0f,67
6cadad337,4
e5a6a39de,4
e40a71ec4,67
558548e53,4
10dee0305,73
1932af102,4
7799eb3ef,48
370fe09fa,67
62ea468a3,73
c0a83f8bf,4
1f36484d7,4
2f4c11e66,67
13fdfe24d,73
eb4dbb060,67
a97dcebf1,4
a0277cf50,75
2a7c1dbf3,4
8a566296b,4
0d613de49,48
bfcb81efc,67
6e3c0fddd,48
1f2eca93a,48
d6a792c0d,73
6ca8991a6,4
7de7343c3,73
f88592f94,103
d5bb1b0c8,73
58dc520a5,48
8df7f4638,4
234f9781c,4
743c74763,67
e161af94b,4
0e0caa0a2,67
2b5f79660,4
d828c217b,4
4ea1d0d52,4
0679c1097,75
dbeef740d,73
4250ed062,73
80c048cf1,4
0124e277f,48
f4c6d5b0d,67
cb5c98667,48
b52dcfa52,73
ad9a77e7d,4
1a2e45581,67
353bf092d,48
01492b421,87
653443f38,48
c82e8a869,67
57c754d1c,4
ea7342d9a,48
dc370d0dd,73
009b39e15,73
fc7c304b6,67
4bfdf517d,103
9e3425ede,103
eda20ddee,4
793a50bcd,67
466f28358,4
0e9e5a0f0,67
50a1849f4,73
386e40044,4
f20ae4712,4
ce5f6dcef,73
c3b24720b,73
e48737634,67
250f30059,4
e8c49e13f,73
2618facbd,4
25db0cefa,48
237fe1fb0,48
896467495,4
c83f746ac,48
a8331323f,48
165766e9b,73
c144ae440,4
b4aa13520,67
316c28a80,73
2abdb1c5c,47
e8612373e,67
7530384bf,4
533d4492a,4
37822e7db,4
57f357144,73
1a7463151,73
754cd2605,48
ad2e27bb5,67
f8221646b,4
72337a91e,67
5252bf766,73
559dc9594,4
58ff8f465,4
14ea3ffb9,103
5d23a793d,67
4d9a5c0d6,48
fb9520cef,73
44a477145,67
f3e315051,4
689a0fbd7,73
2e3fc37e5,4
94cf9944d,67
6cf753c72,73
dd1e506e4,4
d9f3637bf,67
c4c802142,67
49e871eee,4
8c8ffc7cf,4
a8740586a,4
6cd161345,4
6bcb5a502,67
7827a1d5b,73
4f037af7f,48
3e0dee547,48
9bf7190d6,67
f696ea622,67
41beb5c12,67
26b8d61ab,48
7371defc6,73
6dbeff852,73
20a48922b,4
7dbc5a9f3,4
82df3c1b6,4
c2a426d70,67
358e5478e,4
72c2a5cb0,4
dde1f48c9,48
6285f24d7,103
e0c7c20d8,103
3dee899f2,4
18ca651a1,48
fe590ee52,4
f0ca69363,67
410d24f09,73
4cbdaf60c,67
07550addf,67
744730d4a,4
ad34c1f34,4
9eac41e56,4
8794f7787,48
13330e605,73
3085e18eb,67
2adebc1b3,73
9dc89dc6a,4
d6a1ca6e7,48
707ccc2fb,73
7fd945d34,4
a8f945820,67
1c1daa6da,4
5633f1101,4
82fdb1afd,73
58605ff84,4
206b27d1a,67
c67446d52,48
74f238044,4
c5fda34e8,4
e00aa2535,67
3e4825fb2,4
5a543e058,48
c127de43c,4
68caf79b9,4
5da2bfc47,73
ab3210eac,73
ed43b8e78,73
97f545d6b,67
5b313549c,48
27a95ef27,48
fbc29acc1,67
dbe581aa8,73
d4610121f,4
5762da038,4
df723f46d,67
29bd0c56d,73
e14129a0d,4
9b1d44428,4
eec53fb8d,73
600bcfc2b,103
6182a0538,103
b1f3717dc,103
0b624f751,67
09ddc01cb,48
88d1747a0,48
7d2cabb96,48
240684145,48
81aae2d9e,73
b94381f7b,103
f250dd64e,4
4e9ed92fe,48
299e1957c,48
0ec8c4296,48
f789af170,48
526449d16,67
f7f17ae72,67
0d0202522,4
8523c7858,4
33fd32684,4
a9b1f63d0,75
8a7b93f64,73
d6f707315,4
b87d8fec4,4
c9c069119,75
f0b002c23,4
461f4f5b2,67
f14b84f95,48
78d30a479,4
be82bd09f,4
6d789c449,67
0d9ca96d7,67
218676c6c,73
02040055f,67
e6609d48b,73
4d8731d6a,4
8f215711b,73
6fcd677ac,67
852b5fb74,48
f78d35dfd,67
624d36ae0,48
7273b1c6e,4
17ec6d74f,73
8a4293e72,67
cb297624d,67
b5860475f,73
cecc8c55b,67
5ecc1c8bc,4
f29fbbe61,73
007d156b7,73
b2d489e27,48
6db87048e,73
377b22380,73
8d6c7ae91,73
4fd5cd91f,67
06ebbb560,103
ed219c7f8,4
3b197ec5c,4
e33bff353,67
527da06dd,4
a80f444a2,103
fb4b0daa2,73
c6492c817,67
4bc218fab,48
e826a5f20,73
c2bc296b9,67
08a1c14db,48
b364e8688,4
7271d34ab,48
01337a0cf,4
bf3116d78,48
bfdf112fe,4
e1177c121,4
d97675b32,67
f4672d1aa,48
274f4bd2e,73
f90aea0fd,75
2e4395110,75
b4405e586,67
65ad58f26,73
408fc944b,73
e95f725f6,4
0a7989f52,4
7ba1904a2,73
657464c72,73
dc2cac36b,75
64a27fd4c,67
228f748d6,73
715ed2e29,48
24be941cd,73
319a4d6d7,67
1d73dffbc,73
3271ed094,67
b1d61c023,4
339430425,67
affce3819,73
56f6e9dca,4
0d5f19588,4
31323febb,48
db9eca137,48
2688859c7,47
5a5e8deec,4
2d611a037,75
1fda84008,48
fd2bd5f1e,4
cf1ad8706,73
ef9591f3f,4
2a94eba93,48
264d83a6c,4
084919197,4
bff69770d,67
2f4739680,4
4df899e46,73
0523c9801,73
5b3739564,73
492cb82ee,67
ea8dfdeb3,73
e44a6c4d1,73
f92de8523,73
b23e435d9,48
9a302252a,75
3b39970a2,73
df89c0568,48
0fdf5073b,4
977a23c97,67
d60582d88,67
98ecbe0b3,4
da83fb069,75
fab2df372,67
e1b63aee0,73
4d1ef02af,73
25405d6c9,48
6b227f122,73
c71b3e27d,67
eb0a53a24,4
a73efac60,73
a038cdfb1,73
ad82b1ba6,4
497a53f79,4
501117624,48
07ce81250,73
fbbd35173,48
9ec15c151,67
c6ce2c1ae,4
d2b357573,73
9c54f2285,67
4f06ca2cd,67
ee2b50aed,67
e774787e4,67
a6dbbc248,67
62a410cbb,67
27eb5a7ee,75
99c05f8d5,4
178290233,4
98e5cf2d2,4
0b3a02b48,67
4e6d9fad8,73
854ca7f47,67
392d70bc1,4
e80ddeb7a,67
723403f38,48
c78e06bc9,4
161a7d556,73
8cb3a6ba1,48
2ad78f9c2,48
a8a7882c3,67
af70c8cc6,48
92e74b080,48
6a414839c,4
87b9d4bb4,4
4e686a694,48
2688f98e3,67
535695fe2,4
7a0cfe114,48
f2586d647,67
05dc093b8,73
4565dbe4c,73
08271595e,75
366a3d04f,73
083c5dcc2,48
6f4179bbe,73
5bc1ab931,48
e646d3124,4
da2d9bde4,4
2f0b8155a,73
534b7cc36,73
a622a8c05,73
5ced5d4a8,4
91b98c869,48
b14b95e77,48
eec3f5ce2,73
147e5ef99,67
9dcdd11ed,75
8e612d36a,4
b57f67883,73
44c94e8b0,103
74bb3e711,4
f41d18e37,4
7a90903de,73
4c9f8b6cb,67
31dae2136,73
eefdd0431,67
6308fe124,67
dd4a193be,73
57cd097ae,4
37997c432,67
650d157b1,75
3accec78a,67
14ad22971,73
0053fa6c4,4
337c0f7d7,67
ab218ac50,4
60ba7e522,47
061e6510e,73
e34772216,48
a8efc4d66,73
98dba17d5,73
6f2bccdac,48
2cccd8e5e,4
b2104558a,4
956392eb6,73
9aa0562f3,48
05e218a53,75
2deaeb284,67
95a6fdac6,48
a7d9f1cdf,48
776074cae,67
2fa8f8b85,67
049402ee8,67
b25179fca,4
014bc73f0,75
12b48d46f,4
360538bb1,75
a86d3684a,48
62822763a,4
4181595b9,73
45e6036ff,4
9935f0510,73
f90c673f8,4
aa12729de,4
7457a241f,4
308dc8750,4
c0f132f35,67
b1ab363dd,4
c49cb046d,73
63de51e03,4
1c4a00029,4
6f509e3dd,73
101970f4e,73
4a2dd1c8f,67
5586807d4,48
43fdb00da,4
2b95366a8,4
f437c8815,73
5f15c8bd6,4
d0e21eef7,67
c3c4ea291,73
ef0ffb5dc,4
92e7e630f,4
656cc827c,73
ab99925c9,4
683ad13b4,4
6a0b33f79,73
65bc00f77,4
9debacefe,73
48490759b,4
e237880ca,48
ca0113f84,48
a4541b8d1,4
b3d9e6b6c,4
4fe65e8ba,4
75001ddea,4
2184fa6f2,73
333b45bf1,4
d7d866216,67
9d13c547a,48
05c9fcf03,4
96f729725,75
7fdb2b868,73
c3ae73094,67
e0b80caf4,73
07283a3e1,48
30e9b5b6a,73
011d32580,4
9a2fc15d3,103
7e3809573,4
dd754aab9,73
529e8c1cc,73
700fe6ff1,4
f97785498,67
1d73e26e9,48
b983a51bd,75
ee2886544,4
c429543bc,48
358530103,67
35396fb82,73
71a787fb9,48
9d9654afd,4
51493dac7,73
688223573,73
470697d01,47
fe737e3b1,73
7b1773554,67
e56f9fd6f,4
d0570b30f,4
f3d6a27d5,4
cac40db60,67
0b9841d58,48
a2f66236c,4
ee652c6dc,4
3bf2347ab,67
e8d193a43,73
bce577229,73
7bc968caf,48
38c7f43d6,73
63348128c,4
2d8c06a3a,48
6a881ec8b,48
a0faa7276,67
daa970cd3,67
c615baaa2,73
9643a628b,4
801d0d3c3,48
49292d94c,48
577a972a4,4
00f9d0e97,73
ed4b21055,4
7e4a5d836,73
ce06ee7c4,67
35bb514f0,4
87de4333d,4
0a159c5f5,48
ac7c6ce37,67
ebc4dfd8f,4
b145fd2da,67
217fbb923,73
940485a6a,4
ca9f22cc1,4
f07838a9e,67
32a2079ff,4
6f845c04e,4
02e2f1ca6,73
a9c8ee568,67
63655033a,4
664e5c977,73
5f813832d,4
648319d0a,67
80468179b,67
905ed2774,4
5940f63c4,48
c4c78dc65,4
93cdaddc1,67
2c69b633a,48
45271b9c5,67
2461915f8,4
cc9db3d3f,67
c1c4b2105,48
2a0eb44d2,75
675e1db7e,48
babf57037,75
9804741b6,4
7f7c6d039,4
797ae6066,75
d93bfff1d,4
e3ce14f38,48
3dba2c4ed,67
c164f8571,73
3aafc89b3,73
60c40b083,4
07b2fe99c,4
03ac6694b,4
68b83ad56,4
5536e05ee,73
adca067b9,48
a13beee25,67
a567d4a59,48
d0bb3317d,67
5b45e7a4c,73
77a43b493,4
7aa990232,73
d9111ad4b,75
c293ccc31,4
f35bfd300,67
6899ceaca,48
0551c57d5,47
0df8316cc,67
00ff2c720,73
3cd423fb6,4
0de25d05e,73
d4ac640c0,103
d325e5d76,4
33948db2d,103
1d8f28be5,67
54cebd37f,67
a99ec466c,73
462eb88e2,4
c27d7bff9,67
5a0aa798c,4
dcdf04ae1,73
764a3885f,73
3c87fdc0f,4
d3be0d35d,4
5b8f09d2d,4
51c386b65,73
68b41d014,73
23a1a3753,4
69a8e84ba,48
fe1fcc972,4
288510b49,67
f616c93fb,48
7a552ca1c,4
8d2b32b02,67
3eee745a9,73
6ab138316,4
124e119b4,4
5d0017929,73
c9e27d0e3,4
de847e487,67
94c8329af,67
62a7c181d,73
d185711fc,103
d90cad151,73
a7857a9be,4
c83825f6f,67
28bab70cd,73
bca706d7b,67
7dce481dd,4
f2d41d6c3,4
75eca83b3,67
e576b00a5,73
4f1f1670a,103
870b7fc50,4
45c11697c,73
d9a8f22b3,67
5a74ce4ab,73
f58d7487e,4
10950efeb,73
d4f750507,48
4d0ffe92c,48
e08032ac1,4
f0efb6c04,48
71ee25b79,48
665bfe8f5,73
4c1941cfc,4
c2300272e,4
bf679c82f,4
63d16d8d7,73
5da84086e,4
a473f26bc,4
14a69e3ad,67
4925bf95f,4
99c14d554,4
654ee7e46,67
ab0af1000,4
5fccfc9b5,4
9ed93a956,73
1b6242f80,4
cdedc9d47,67
13c92db23,67
da6606b4f,4
d37745aae,67
667c3c161,67
b8bc9b3b2,73
c2d8b52f0,67
4c4c216fb,73
cd15074d2,67
5e0cdf39d,67
679f0dac7,4
757541c30,67
40ebc99bd,4
c832cf426,48
dacefb140,73
bd6862590,4
a84815a9f,67
98033c300,67
cb697da69,73
e7571886a,4
e730f38fa,67
3b9e7a8f5,48
4abe117e7,67
270611007,67
8c434769b,48
24aae97eb,48
362fbf850,103
a6c8a28d6,67
839922a66,4
8988c222e,73
7db72601e,4
d814f470b,4
eb5ed44cb,4
8e5430d77,4
065817704,4
a22110e6d,48
8507d1b5e,48
587e44cea,73
94da0ee7f,67
4b648670f,48
374c54182,4
aca9ab734,67
af5e2bbd4,4
4ac812558,73
3bccc9014,73
75540546f,67
89c19cf37,73
776fe6e63,67
26c144947,67
f1177451e,4
b339d0a61,73
d1993c898,67
746f3dd2b,48
6d984df89,4
18d41400e,4
6c269a2b9,67
bb0b0e551,73
1972bae11,48
47aa985a8,4
e32696dd7,48
5de25f69a,73
81cabee91,67
317c8b0f1,4
f6820c410,67
2fc266682,67
472c84cce,103
a3160e2c1,73
00856dfa9,67
fe6991e3d,48
613831ee6,67
13ae95d53,73
8c6fd0ec8,73
ca1cef6bb,67
87a93b8d6,4
71cc05cc3,4
68b3481c2,67
fb2b2e956,73
321437b6c,4
e3c7bb70c,67
f0a66df4c,67
4b7b43b7a,48
b5cc43bfa,48
af2a02abc,73
207684fb9,73
ecf4c1f5a,48
ccf2ec80c,73
c1553af6a,75
fc8af9bd9,73
b64ae4e8c,73
c7b1fd88a,67
be2773579,4
3987e3d8c,73
1aa8492a8,4
826712f91,73
4fde9d58f,48
6a63a8764,73
7a5dfb158,67
ac937c18b,67
8fe181d94,103
894954440,75
b2684281f,4
d2277f8e6,4
5bae6010f,4
a6e627c10,4
b39cc3832,73
6f84aa228,48
303979023,67
42b92a427,48
6c9aa2460,73
09ebedf6a,4
38f3a40a5,4
d94097494,48
2178a407e,73
282419eda,67
5464a7e4b,73
967c6bf80,4
450d37a38,73
7d2f35248,67
6251c33ea,73
396d20b5d,73
0cea1df9c,75
b7af85f6e,4
666d25d39,4
ff5892e0a,4
5a00bf031,73
3505d54bf,48
8a693ad10,73
73f18defc,73
de261e169,4
c223fc7dd,4
026d342fe,73
059ea5059,67
377c89e04,73
0c548045a,73
f6482ab55,67
5d3cac88b,75
903ae9a2b,73
0a73725b6,67
965dfff6a,73
7b566ed00,67
1baa33eaf,4
500c28291,4
f09cc7902,67
9a513b251,67
9ba782fba,48
54cd18535,4
fef98a71f,73
288d4365e,48
8a48a97f2,67
5b1892dfb,73
af4873fe3,4
9e9f2f914,4
a6db0754e,67
2a872a9ef,73
f50280136,67
f421c6ffc,73
4dde25dfa,48
2d8716e8b,67
878e5d725,4
7b1267e49,67
e5bc365d0,4
1984a614c,73
329d815e5,73
d16d34784,4
11300f71f,67
943eef63e,48
db8b6aeda,67
f096291b7,67
89f46bec2,4
e611f94be,48
477aa8655,67
a1cce28af,4
69e822cce,4
3db6ed179,73
1d1f028b2,73
9732ad4dc,67
13166036e,73
c46b163d8,73
eae09f119,73
0e6cad3b3,4
4078e0b39,73
f80c8bbf5,73
fbfd9cd87,73
3224015a6,67
2772dab8f,73
9824cd034,48
0d989f57f,48
3cbacf373,67
eeeb6b66a,73
5de6bcf29,73
f347c4666,67
dbff9bca9,48
4948e3ecd,4
9e07d0aad,73
2ccf28e9f,67
5771f876a,48
f0c153cfd,73
cefe64b4f,67
26a59215c,4
bbc846996,4
4dbc5fc3c,73
e1494fbde,48
84fece524,73
1f3e62b48,73
b33fe8ed7,4
a73af3677,67
c4970c739,67
fd34d7c8b,48
e722a8f86,73
408b2d234,4
598a1c3d9,4
4b4d2a0b9,67
46290bd98,4
328aba75f,48
38b929b8d,67
1394e9ef2,48
6cbca5559,73
74973ce69,4
38faa7eb9,4
d169dad5d,73
9ce1a30b6,4
22cef13f0,48
e3efeee68,48
9faca65ce,67
092187ff7,67
7d6edd6f1,67
afac3a5b7,67
e9564dc47,48
1b54ef9a0,4
79686d60a,4
9428dd133,4
150643baf,67
dbff359cb,67
171d91683,4
88f6fd6e4,67
2b7cf3253,4
75ef86e19,48
d14992eb2,48
3c4dd2705,67
996a4ac53,4
f2809517f,67
348bfc268,67
ba4caa600,4
fa53d140b,67
1fe3921d9,4
486ddc6d6,4
ce17d08ea,73
648d6e1c9,73
9d8d14332,48
35dbda91b,4
894eeb28d,67
29026b0a6,67
65d14bd99,4
842297200,73
3ca2ee97f,75
bc199fa70,67
4f49753d3,4
9d624affc,4
61f976a63,48
65d4e9994,4
3a29db605,4
c5f4134e0,4
6581fb5fb,4
bed5e7833,67
7be2867e1,75
d2a45014c,48
527fe834f,73
8e1e85931,73
1cb8e917f,67
faa0dd647,67
c0654d4f5,48
6ab2a7198,73
27391414f,4
8cf5bf4df,73
cc055150c,73
22adafc7d,67
ae6e725ee,67
31fd82f08,67
c0fb3bed8,73
6009ca42c,4
58ede4d43,4
db65aac8a,73
462e25ba9,4
55b323b0c,48
9e4d41ad4,73
3b3341edb,73
0509887de,67
8816f311a,4
3b59b7879,67
14be34092,67
587e9b784,4
69dcb9a3b,4
2c4213574,73
1b3705cfe,103
fae67c6fb,75
4dfdf7a8c,73
50fcaf0ed,4
483a8e2d8,73
7b38f9919,48
8b8836103,4
0510cce3f,67
36be47274,4
15a4485d5,4
111223138,48
d83b8cc1f,67
d43d8c9d8,73
bcbb5c787,67
0f25f79f8,73
7eaff7aff,67
57a2e8995,48
7a8a88b42,4
abf7ceca6,4
eb09ff6cb,48
95f9e2bd3,67
6fe85feee,4
3469925a7,48
861f2c9c1,4
9942a5424,4
692cfa850,67
4a5d43a96,73
8b15247f7,4
aeaf5ccbb,67
d1eebfd7a,67
a8b29edd7,48
da2d31c98,4
f80b1c8c1,73
1e73b74aa,4
4b8fe9f3f,48
e94327a54,73
eee191638,48
a67c5bc5b,4
0087eeefc,4
7b151e3d1,48
00c12e4ff,48
98fae1d61,4
5d06b5c76,4
b137658ab,4
c8f0b4717,48
317b22963,73
fb41fa092,67
15ec03f5e,73
824eae734,4
57ca642dd,73
c1ed4ef6e,4
25faa6813,73
b04f7be54,73
850acae7e,4
2b8f0ac5d,67
2cf137648,73
8b11c130a,4
7927ce9c6,48
b3b55322c,4
e1d159561,73
f5c310736,67
07aad3ba6,4
ed601a04f,67
e210dc4ed,67
da9ed562f,67
9b9e080c5,48
d8076fc39,73
0d7c08885,48
5e0da2b1f,48
92cf0e905,48
0d8d7ecde,4
eda9f61b8,4
6e7b8fa3b,73
0bb9c3f30,67
a68584f39,4
f56efef52,67
329793680,67
ba757db32,48
e8993867e,4
f3a75828c,73
4c742de40,67
ba32fd161,73
ed55919e7,4
15ca2c59d,73
ae78a372a,48
a66f7bbc6,67
298cf5bb5,48
43975ba66,4
fbfd88b1c,67
4cf202ebb,4
d3ba42b8a,4
ed91bd814,48
1f937e111,73
5ce48d24d,67
600f01e91,73
649dd8ff0,4
7223d356c,73
f7ad645eb,4
dc0f9b59d,4
d69c942d9,4
2449b5518,67
a991b14c8,75
72b64a25f,73
7a6ba7fc8,48
7dcf1e590,4
03e5f5846,4
0e3f76f4b,4
808071b96,73
7ae791f04,4
a8b46288f,4
9caf3507d,4
092be0405,4
61b1040d7,4
e82bb0f6b,73
5c8d0266e,73
5b646246a,73
0d9e342f6,73
f3ee3f7ef,73
28dd39f92,4
cb26ab8e1,67
6550b53ba,73
6233d3e01,73
7b7cce651,4
98077910f,67
a2d9d460e,73
f7034380f,4
240e151af,67
fe75697b0,4
08b4c02fe,4
02c52b451,67
d0cc62751,4
c1c26f4ec,4
d9bc877f9,4
55a2149cb,4
35aa8898b,4
23620cfdf,67
029c37998,48
f6ec8db9e,103
eaa6a3f7f,67
a7eb19305,73
b65acd50b,4
d5888b919,4
d5c5cde4d,73
f557afe91,48
bf4c39972,67
6e7629a9b,73
f40dffb83,73
1446df348,75
805e9a7b0,4
3288217e1,67
1ca8e07c2,73
20563ebbc,103
5e5acfa07,73
26d1c3498,67
931cd1858,4
840f3bd46,48
4a14dd513,67
5235c6c53,67
edc3e9332,4
4ed9720ea,4
e1e5687f0,4
37a4efb7a,4
22cecb30b,4
9c1fca4fe,67
fd7cd952e,48
8b5155f07,73
33d008671,67
0d0b4631c,73
04e0d362e,4
9c73592f0,67
74c97189e,67
3127f8637,67
f509e2cff,67
2d1ee50cd,67
3510270ee,73
0a825b67a,67
075602d66,4
7796dda43,73
9ec91d6b5,67
8c7c3dbb2,4
ef68e319a,103
29a02c757,4
6baede1f3,73
345b6fc68,4
9d051fef4,73
d4bfe24fb,4
ac79edae6,73
cac4474ff,73
fb61eca01,48
a6e295583,48
e8636b839,4
9de211ea5,48
bc45792c0,67
9aea1d3b4,67
6f50f7647,67
20079ffd6,4
582a4afd0,4
8ef339ee7,4
a05c1a9e2,67
30d9b6204,67
e67454090,73
516ef6822,67
cb8786391,4
0b1605a22,4
0dac4246a,73
2ae85b034,4
dfd66382a,75
7fc99345f,73
5f8f53f23,48
4249b8e73,73
a6ec0a798,4
cb4330abd,48
32c22cba6,48
b909de36d,67
4d0d04ec2,4
a853842c0,73
958e9761b,48
2ad779d27,67
39090147b,4
05bd91dd4,4
6dbf25622,67
9390e29ac,4
4aea86d3c,67
2acaabdf6,4
2ae7f866e,4
bcd77e220,67
688759258,4
582dd5eb1,48
eed18198c,67
e3b9acc43,4
39c56af7c,4
d3ccdf536,4
30bfe5b05,73
7a2a38d8f,73
dda771b4a,4
d0bd30dd2,4
c8349d602,48
0835292c7,4
275952360,67
3655fe917,73
5f22d82a2,4
3a01c3e88,4
a6105941f,4
4e43a75b1,67
3231b476a,4
343f4db58,73
9fe8be4ac,75
8a904fdea,73
c82045295,73
2f57d711b,4
478fd662e,67
aff590876,4
0208143a9,4
a9f3ec5aa,4
35faa30eb,4
ea72034f5,4
2e211accd,67
d3ad608e8,4
b80ea5db7,4
8eff39ec2,4
416b038b2,67
a5eab308b,75
27178e6d0,73
c8ff3649a,73
7d825a631,73
868f3ca31,67
ca875ed6d,4
c86b6ee78,67
15bcf0bc5,73
92d447000,4
cca529347,73
f68529efb,4
d702d0c15,4
0847f61d9,67
7c3e5c00d,67
487fc089f,103
b70a1ef51,73
ca2cc5375,67
74c86dc94,4
4f02105f5,4
54eb01070,73
06846ff3d,4
a235500d0,73
74cb419cb,4
19b1f6ed1,73
609230590,73
645e0448d,67
88f935ebe,67
e6c7eecab,67
5fed86a73,4
aa6a116bf,4
352d983b1,67
1eb6f22d5,48
a02dbf1a3,73
012f05d4c,4
d5e4303b9,4
1559449c3,73
d57064ac3,73
5e5672257,67
89085d10b,73
4b69e4daa,67
15442a507,4
0de5f6578,67
fee2ad37f,4
154f5a75b,67
ae3a8a68d,67
6fd250f15,4
165ca8a81,67
5ccc5c940,73
9d65f5961,48
9fab84e7c,4
3a456593e,75
5bdd76ad6,67
02821f581,48
5aeca7ba2,73
ab473d0fb,4
52491f753,4
d01f39daf,48
4fe780b27,67
467a87b6e,4
b9a6f2dab,75
ec15f805f,73
db4a05f64,48
8735b4ed7,67
93e1b1b57,73
a81b149d6,48
c511b01f1,48
dce29c03a,67
cdcb45570,4
c67210c70,4
7ea4fd1e7,73
e15365337,48
26b07058c,73
6f6009530,73
9db76cdc8,73
8d4ecada4,73
be2c310d5,73
29d710a29,4
d2dc27a1c,67
39902d722,73
7b38952f6,48
47e7d602c,4
7ce82e1a4,73
6d75535dd,4
f563b8f1b,73
8c026ccfa,48
6e0843d38,48
946f97527,4
1770a3955,67
77628c813,67
c16dd6692,73
c571990d4,67
12fdb3200,67
c25141a41,67
4b4223c92,4
1ac744f9f,48
a645ada8e,67
b45b3f474,4
23f960bbc,103
3b6e2c5c2,75
52592a2ab,4
e87c94e9b,4
c36b30d62,67
76c56dda7,103
f1b51e257,103
9ca5d93d0,4
27753debd,4
b41fe0aae,103
485e088fd,48
6ea1e9ac0,73
539e41e9d,67
8fc8e6925,73
4e3b3b3cd,4
94c53b0c3,67
a8c934e35,4
149d11de6,4
929ac8834,4
71d39517b,103
e00cdee28,4
40c67cca4,4
1153cf999,4
abaee2413,48
92d56d30f,73
aec05dfaf,73
a3fdd2210,73
8ca2371d5,4
c39bb3b9f,4
138275e36,67
baf415f07,67
2c3a35bfd,67
5a5fbb94d,48
0f58c281a,4
cb1fa5404,48
0e5ddc603,48
ddb84d9ab,4
f8d2fe6e2,4
6326ba8d9,48
c8b1673ca,73
8f029f975,67
6a22f0ccf,67
a007c4ce7,73
7cac453ad,75
18e22af9d,73
48b580700,67
505515f6b,67
79245d0e9,48
4c4a8848a,73
b5ac11272,103
d007caae7,73
7c2f23622,73
6aa4095a3,67
9b8caede3,4
14024c433,73
a2d7f197c,73
334118e8f,67
b1fd7a2a2,4
9fe3b171a,48
76ad6cdd7,67
ae5333fa6,4
5bd9a3483,4
657a2302f,67
bfcedb4e7,4
6201345ad,73
564305f6f,48
0fdb2e372,67
d6fba1863,73
8e70982a4,67
0fd1b5059,67
0a399baa5,103
79c44e828,48
c624f43f9,4
92025e489,67
046b83571,48
1d1b18d38,48
b4f324422,4
c337a455d,4
b448720a0,4
ce2335977,73
79a025018,48
3088361cd,4
42dc18525,67
da0416b3b,67
c77c99cfa,4
9360afb8b,67
4e3f96c83,67
474219bf8,4
2e36d4f93,4
084527620,67
cf087fd47,4
d2ce72fe0,73
67e65b379,48
1749a6a95,67
43ccfd5e2,4
bc2795b7c,48
b9fb3d0cb,73
1e91a06c4,4
2212d47f2,4
bfb86b915,4
0f340c3cf,73
e178e1fbb,67
3ba519bb8,4
dbe5bf31d,4
29040ce6b,4
dd7f0f72d,48
8a361b630,67
500ac8bc6,103
8b85ecabc,73
ae2864464,67
4181451b5,73
d503d72f3,73
ce7f9e0a0,103
504495975,4
2406dc526,73
14d3647ae,67
d39e4ad87,4
e0f242a92,67
51f6d891d,73
bfda38c44,48
9db94c1aa,48
350c32674,67
6c52831b1,67
347f41bd1,73
ba9e2d304,4
6c80cfb8c,67
d01d8d2fd,73
2c73bd62a,103
9f447b11f,4
e9a190503,67
6c7e15c23,47
4244d98b7,67
4d41db87f,48
b7ff1634e,67
c081f5b7f,4
d493e1205,67
b4eb26098,4
aab3a2289,4
a1d2cd9b9,73
4091cbb29,67
657d7b6d3,75
c2a78ef27,48
43b2ec735,67
e7bda0661,67
2bf69c9a8,67
5a4014213,4
3aff0dc0d,4
4f855f8ce,73
23b33fd15,4
557117401,103
f2defaf74,4
0608f2ec0,67
0bd70c4ae,73
832bbc430,67
ab54ef65b,4
212497b97,73
5857637b3,4
e1f45be9f,4
d08fafe17,73
53cf1033d,67
aeb2bab6c,48
3daf5597b,73
23e9b2025,4
a7ab2ef02,67
f6f0e3d49,4
501396f2e,4
925f36b79,67
1d0cc3798,67
978697ad4,4
bce37c882,4
ef26ad662,4
a7f1fb92f,4
9eea9316b,67
ca53ebc3c,73
b687e4bd9,4
2e478a3cb,48
ba763e4ad,67
79bf0f076,48
0787857e3,4
9333ee3f5,73
c9e727ec7,75
9c477d377,73
761340c6d,103
0dffe81ea,67
7c1a6e1f0,48
87fde6edd,73
fd5eb7e8c,67
b5fd14fbf,48
2367b5056,67
1c8c53577,67
f49141ac9,4
42105b5fb,4
fc4e90060,4
976379adf,4
5ec4acbb4,67
5e2692d15,48
7775f87f5,73
bda7820cb,103
2c670a497,67
528c13be5,67
cf192fc6a,48
0210ba20b,4
0e1fdb95a,48
3f36a62d5,48
4ce9bc001,4
93f493575,48
d98e07837,48
c7ab8e645,4
ab8add1c1,73
ca8726968,4
98b1475af,75
74eb03c19,48
e8c36457a,73
5ff71b40e,67
a7088bd2f,4
2c9dc020d,73
a8bf527dd,48
719aed16d,4
da3a23d4c,4
1fb27e305,73
7d7b3950b,67
bcd08a7dc,73
3526d7815,75
4a506053f,4
1c5a3287d,73
f458034d1,67
cd4179139,4
b7ecbd370,4
3db5a2d90,67
8924dae8a,4
dcab7fc67,73
53cd52d9a,4
ac114952e,73
a5ae66568,67
6433f1917,4
f938b8711,4
db9c84b18,4
973cdaffe,4
d375ebc76,4
da76579e7,67
d98cbb36f,73
16e7f18d3,73
0c288213f,73
867374cad,67
455c7b67d,48
49add67af,48
34438649b,73
bf16e0cb8,67
93e296cef,48
cfe74bfdf,4
79cde037e,67
96112131f,48
85aeffc62,4
34baaa6cb,48
ade9181a5,4
c357e5a70,4
d8ca58a4c,73
8a18b9699,73
3feba0f46,4
85c997028,4
a11b09e07,73
49f2ca2d6,48
5d426c1bf,48
40d992dc1,48
c3d03598b,4
509741eb1,4
3ed70f179,73
127e61a47,4
2a98afbbb,73
b764d3dd7,73
c12330d34,48
557900fde,4
70e87c482,67
a77db045e,67
a025436a1,4
3bef19347,48
155727e57,103
67810173a,4
b96a82543,75
156c0950f,4
5b69d3121,67
9dbd813fd,4
9ae160f11,48
e33d3b318,67
ec53f72bb,73
4f756f230,4
91fae734e,4
99b3a15e5,73
aaf781d34,48
f1b4ba5bf,48
393b7dc05,67
6eeec13c3,48
c323bee87,67
f4fee0e27,67
ea602cdc8,4
3acfb71f1,67
2994ca253,73
ff02d53d8,48
7560dda12,4
a1f8b0936,4
0bc02eae2,73
829bcc49e,67
cde20b1b5,4
5e45c97c9,87
c18fddc3d,4
8eb564814,4
92782ef45,73
523dfab06,67
82a14f17f,4
8b2940362,67
2b403205a,103
56737d31f,67
30964e186,67
a810efddc,4
2f5064517,4
fc3f3fa1f,67
ee705e49b,67
ce934c0dc,48
9944acf36,67
d8d29bcf8,4
8559d49e6,73
7d5a95675,73
441472ae6,67
4612e397b,4
80b87cc06,67
16810b3aa,67
e9c5f7cd1,4
04cbe7a50,73
7bed881d2,73
53f3609ad,48
3f7fa081c,67
f2a6cb1f9,73
9aa2210df,4
6143c21f2,73
1ba32dd82,4
a7b95dad7,4
64327e651,4
e6171fa85,4
38f6562a3,4
df38bb8b2,67
c9dcff9ef,67
f247862ee,73
45a702ee8,4
b82a2a3d4,48
b1adced44,75
d34ac237a,73
49f7cdb45,4
77d850f7e,75
1a4dc4b2f,67
155c1e966,67
04da4955d,67
b56ccfec7,48
657a4ea19,4
f9b3f2991,4
92a289926,48
5a33a8adb,73
35e005ed6,4
3ca06eba6,4
c11e44cde,73
1b474b251,75
771b14071,4
37fdec841,4
01f76a519,73
577793268,67
8a428ab24,73
5954098e3,48
78bd1cad3,48
6f9686457,67
79522023e,73
df4ae0415,73
278e2fa12,73
2bec0d2ea,4
e96d15acd,67
bc83dd474,67
4af75b596,67
e9178e294,67
23ee9f44b,4
8261e8f5b,67
cc98ccc8d,4
9409f8d69,4
8b423a167,4
8253629c8,4
49f864fe9,67
ada0d1354,67
19bcd7864,67
5134a2245,73
36c06efe6,67
516a450b7,4
266776fdd,4
e2e8f7c06,67
92aea1584,4
67873d67d,48
d3f044336,4
d8136729e,4
702b7fc70,73
9154cfc20,4
eda0c70e5,73
5ab25460a,4
e8a6ceac5,73
536842c4b,67
89e7620ff,48
cb3bdf3e7,73
d81c315b3,4
117122b38,48
8cb48a7e4,73
d779dbe77,4
bada5fd0d,67
f552eaaed,73
586868059,48
f3c88b910,67
187ba6ef0,4
f93b17627,4
3a49d5a25,67
8ab8cb727,67
3dd3823ba,4
e1f2ff623,67
7e58b251b,73
a6ff6f81a,4
f4f248df9,48
83c2057bc,73
96b039170,48
8c0995d82,4
8f4a554f2,4
5233ee8fe,4
25a24e8b6,67
31750199b,73
4434ef42e,73
1aacc5bb7,4
2f8b40852,67
d0989eec5,4
86935b0d7,73
2a18f7ed4,73
8d9185540,67
401730197,4
67a25ece3,67
5d17abe47,4
1474acef0,48
1f21ecd18,4
e64bd2b5f,73
a3535e355,4
925de0d45,73
af6ccfeca,67
137107106,67
0950aa4c0,4
70c95a76c,67
7046567c4,67
b187b258b,73
0905820a2,73
2080c5234,75
58dbde095,67
8967f7f3b,73
bd1b3d191,67
fe1615399,48
517ed388b,4
8fa0abb21,4
c1d072b0f,67
2d17418c3,67
f94013d99,48
d8f9c9f6f,4
b5fdbbd19,73
f4db33d12,48
2ee9ba725,4
fe195b05f,4
0862d460f,75
b80695478,4
8e07336d7,73
cc599caf1,4
d9e1e54c4,4
37885d3c0,4
9881c6363,48
007258826,4
74a2503cd,67
39f2c9f4a,4
ab254cf0a,4
21a0ef857,75
61e87e199,48
c90a12d27,4
53cc94634,48
a8e11ba37,67
531165006,4
0dd4bac89,48
641ae8aa0,67
ece8721cd,4
60372c4bb,4
f6f80e6cd,73
ddaef039b,67
cb80e17f2,73
1a751ac8b,4
1e71b66ad,4
656c8e1a0,48
ba9e184b1,4
f73a6bda6,73
b78fc427d,103
2313d0e1c,4
61e0f377c,4
6d822303c,4
0d5832dd0,67
7d540187a,103
9367b53dc,67
266ae8451,67
d376c4365,73
600693e8f,73
8701aa4ff,48
27aa48f60,48
38235ae21,67
bdccd8d94,67
69c63b4fd,67
01863f6d7,67
696a13525,4
1d24f052a,103
471609fe8,4
e71ab3905,73
4bc167a81,4
18b1c8787,73
d45c77b42,67
8d4598be0,48
8da1e9ab2,73
7bfaa6c93,48
ff264d2db,73
17f8af701,4
232ad11f4,67
a670f0c43,4
086d87731,4
491331146,48
988f93442,73
7af25ae57,73
f1e56842d,73
544ba8771,67
9167143fd,4
ba2d603c3,67
8dbbf9d19,67
fb87ee5a3,4
16f9971d1,48
7e517b238,73
261838dd1,75
263d09ca7,67
7cb07f8df,73
a9eaae137,48
1eabd5622,73
209e45144,67
bd4976820,4
46ef787fb,73
3af4c8105,4
4d4c87a41,73
8fc000b1f,67
4d05e9395,73
67fa9ad3f,67
bd0d92568,48
5acae87e6,67
c548502c7,67
fbae2fb1a,4
8e6591362,73
8e59ed760,67
ccc54a4f5,4
4a9f824f6,4
1fea6253b,48
6cf44ae8e,73
7683668d8,75
f8bffd3d7,67
fe2c0a711,4
7fccc20cd,4
4415b68f2,48
230302d1d,67
a0d752238,4
ce028c60d,4
ee83eaa8f,73
bfd311430,73
0fc65150e,4
f8db20c1f,73
6896dbe36,73
d0a99b293,4
c18a20c3d,4
6d233727e,4
ce434f86b,67
530bde853,4
d70fac2cf,48
c5fdb2459,67
7eb7812ba,4
8e55f2268,48
48b84677d,4
aa4f36f71,48
5153e1522,4
5e287a0e3,67
4a41ae5e8,67
c3432750a,4
b2662c86e,67
563c9008d,67
315a148f3,48
c1c3919f0,103
afcddfdcd,67
9f4b942ff,73
0fea673a3,48
54296cd42,4
66d3a82e2,67
c980fa8a5,67
e964c6dcd,73
b1066d5b5,67
ddc1eacff,4
0fedbbf5f,4
3070b77cf,73
359c8a8bf,67
c6cd3ac47,103
146fc86a4,4
41a1ca700,67
ee41c42cc,67
15ef197c6,75
9eaf1170e,4
e69beeff1,73
a324dcaed,73
83bb94c90,87
151b27a24,4
28f52a866,73
288772300,4
136b3c7b2,73
fec3fbd0f,73
4374d5272,73
551f3af3f,73
5c6e09f5b,67
f302f29a2,73
2309219de,73
f8da03f7a,75
015a601e3,4
4479d35f0,73
d0f992c31,4
8fbcbbcb5,4
f2aefc6cf,73
60d83cd0c,73
92ec435fc,4
a673ada99,4
c17b6ab8f,4
78a91fc04,73
d08be28c6,4
035e7fa21,67
4cf4ac658,48
3a1396fa3,73
151e1bb21,67
dc53769ad,4
eb7854187,4
a249400b4,67
d28273036,48
6aefb94a6,4
27dc84ff6,67
d852da76f,67
c0e30a258,4
4f21ae7b6,48
3a9ac1cd1,4
8ecdad441,67
d7e737749,67
30e522542,4
39e40cdd6,4
1989da31f,67
a31e545e0,4
99263d818,4
f3300dab1,67
9b7ad01b5,67
6473786a6,4
4e99c537e,4
9f5dfd81d,67
fc85dadd3,4
dc9af495b,67
4b6dff5e4,67
ce136eb7d,67
957f42d35,4
5cc2f95e9,48
efe50806b,4
8d4c9f88e,73
922e45d33,67
6d8432929,4
0bc95f66e,48
6016dd857,73
3856fdbd7,67
185f4651e,73
34589c202,4
857250508,73
9dfcbdf18,48
f534d4ae1,73
9d77e8b46,48
c67858398,4
3070a069b,67
b6ef5389e,67
dede702d8,73
6896b5c5a,4
186a8ff9c,4
032ca1556,4
9b40a0513,4
372ad684a,73
6fbdee8bb,67
e4ba02634,4
57fb229ad,103
182c9e6ef,73
e6c3f8ec8,48
4149127b2,48
79ec6e32a,48
b6203cd3a,67
e78504c82,48
32bd3826f,4
df3b6edcf,73
d0b1e24e9,4
638d987cd,73
187b49cc5,103
8872018f5,4
5d58d5dfe,4
fc4e189da,48
63a4aed70,48
ae804f35b,75
143e26686,48
132212f11,103
1bff5085b,4
9f392cb03,73
8260f8641,73
6f40daa0e,67
8a4dedc87,48
7f8e636bd,4
b2982bed5,4
43a84d203,73
8a81276fa,4
79335a465,4
fd33b68d1,48
19f37512d,67
8f7809cb4,67
539a14033,67
dfb7f1e61,73
4c184156f,73
9f80990ad,4
bf711d50c,4
7864cabe3,4
64581ef78,67
0d97ef626,4
3e629f05f,73
22bca0aa8,4
59d5309a8,67
a29efa0f2,48
380c9c318,67
b034c82ce,67
80c9bb328,103
e87044bc2,103
db49060ae,4
03a46c116,4
a8de792e9,48
f38fe4cef,4
c128b1e28,73
d539aadae,73
5fdf59f6f,73
82c248395,4
63bcdd5bd,67
e635de77c,4
da00cc5f6,73
75753e7b1,4
5aab08428,73
8ccadcb08,103
4e4504ced,75
acc377b86,4
fee53d77a,67
ad153ca7d,73
2198f8dae,4
9f2d4991f,4
8212b672a,73
4bbb6638f,73
9b28c9ce7,48
3433a69c3,4
07184caac,67
5453d7402,4
42ed99f8b,4
523ec62fa,48
82fdce8f2,73
7182235fe,73
6a6ad6ad3,67
b9bae6b0e,67
b8741ea9b,67
a08ff3c7d,67
2d0832480,67
a39a47b84,48
694b396d4,4
c5b5ecb0d,48
70501f63a,67
0555a95db,4
189976301,73
6fb943b8a,67
fe843e592,4
f1deb3cc1,73
9b442480c,4
be953b60e,67
7d107974a,48
1d808a2d1,67
c987ff810,4
762c5e25b,73
351f462dc,73
1d03ab65a,4
f84be6387,4
c61f34131,4
e44ef0f10,4
aa8eef48e,67
050bb1262,48
f50873a8c,73
e68f95550,73
aba2f346f,73
01ce7d2df,67
2b9959134,48
3863b7205,67
431a635c0,4
792982c6c,4
c95269a6c,48
5e4a5b406,67
1329c5b4a,73
e66879b66,4
960fe3fd2,48
6b7f80246,73
5a3dafc67,73
37525f380,4
0698ae8e2,73
abb6d81d5,48
64027156d,73
4ff518045,67
e43587721,48
a575e3bf7,67
218ffc7c9,67
4bb5dba59,4
1162b2c5f,48
7e61b7ed2,67
532eacbec,73
304631d59,4
72589c9b2,4
c9d5ec522,4
4719dfcaa,67
db53bafc8,4
053198ea7,4
fb60964fd,67
e6f327757,103
1432b2d26,73
a134c5401,67
743a39958,67
5ed06cc85,4
61fab76c9,67
35b896087,67
d974a8a25,48
47f7f9a06,73
77b8cd935,4
5a330e7b3,73
23f8fc3d9,48
23f7b7a7a,4
d0e47da08,48
f6610b1d4,67
88735317f,4
ac3ed3cb8,67
bda439192,73
0bb20e5d8,4
410641125,48
97b161e96,67
2ddbb0f83,67
5622bbc0c,67
05c992976,4
459adb9c4,67
bed3cd944,48
c84ce54d5,4
57a59f1ae,67
8a5e6e01a,4
4ba73aa49,67
df76ddfcc,75
e69a97f86,4
452ec84b6,4
0993a96fb,4
009216487,48
ae016f27f,67
45a36938c,48
2cf6e6419,73
4641d6c81,4
155fda1aa,4
b7ad7d574,4
85312fab3,4
059ee98dd,73
985c8a491,67
6e7b662f3,4
72d1bf434,48
346d6fc1c,73
926ed805c,4
b6a36c182,73
ee23e898a,4
c43ae531d,67
26d9a1072,67
439c8664a,48
e696c6605,67
34f820893,4
1dbaa5744,4
3406f987f,73
c3222a379,4
2669b2dde,75
20b4cff1d,48
1e26604ea,73
a5d301249,4
7f5d5cb8f,48
ffed2a555,73
9d8d9607d,4
2f1f2d1d0,48
abf65b6e6,73
90a369187,4
56c86b9c0,4
498c0b419,67
11bc7f078,73
a12ca9636,48
04bc5ff61,67
3294a097e,67
3ad3208cd,73
0ed9ee6bb,4
07565a412,73
dc405fd04,73
1bf635fcd,48
69a2f544d,4
e69ddc9c5,103
78b988645,4
46d095eda,4
2e78d7d23,73
dd102e397,67
d23336d37,73
d5b91872e,48
887fb3ff6,75
6f3f4d188,67
8fd2c007f,4
f38eac7db,4
6b57e5a58,67
20048b328,103
fdc6bab48,48
c964a7aa9,4
5b9abdbc8,67
4bd5d4982,4
dd88fcaa1,4
9c1ca344c,73
dd33d59f9,73
8b0062584,73
817ab4ca5,67
cda807af3,4
7cc60fb22,67
10c568a02,4
1f411d101,67
7db868b36,73
ce6096353,73
0e4cdf053,48
6a1f788d6,67
95e3375ca,4
679f13cfe,4
fdf7c8fe5,48
ad62f8d41,4
34d736b06,4
baf87d0e3,48
f88f94471,48
ec07ab0f1,73
92da88798,73
f1c7db9eb,73
ef7856a23,4
64f0cfc26,4
44d707daf,4
8a8fae985,48
7da20ceb0,4
8664c38e5,73
ada310267,73
c4a376520,67
d853b843c,4
111581957,48
1ac65f43b,4
28462ed13,4
77a987385,48
f00ba69b7,73
bb5a3fd92,4
9d375712a,73
f1495d941,4
a12ed8ec5,73
8ed239a08,4
80abd878b,48
95d50723d,67
4bf1812c6,67
924218498,4
e69b66458,4
9fd265646,48
87a37b4cd,67
e16606faf,67
6366d7061,73
038c1315b,75
d1292ab63,4
1f750d4e6,103
f92ea03e2,4
f7eede84e,67
57af706df,67
beb9f80e6,4
7b89cf590,4
9000b5760,48
2d54b796a,4
3239f2f66,48
c85a1d564,73
1d51372a8,73
f2419f856,4
a63f52d9e,48
1c7354786,4
f2c6cb2b4,48
97b3e2eb1,67
bd4f8c863,48
93b754b97,67
9d7b004b2,73
087d3bbf0,48
052e7f031,67
1b4a28bcb,73
0f40f447a,67
ed0b0e088,48
6f88cabe1,48
5345fc847,4
83e64f32f,4
4f87dd5ae,73
ba49d2dda,73
894696267,67
b25c080d9,4
8776e1949,4
6a1a8e17d,73
fb5b6c2e7,73
6f0d8372e,67
d829aea86,67
d9924befc,48
3e7ae2503,4
88fdcd071,67
2af4172c7,4
8e92c9811,75
5d1259367,73
afd01aca5,73
d14a0c9d2,67
55c59324a,48
9419289bd,4
9199afd98,67
2bf04d18b,73
9a1e64ece,67
c3c540406,4
6f12632ac,67
0aaa84d90,67
6aa485643,4
b9ff3b500,67
392019a2c,67
6d7138997,67
40b3c6e51,67
c1390c263,67
334df9a32,4
aa6a6c73d,73
99caeeea3,67
1abc6d06e,48
e752f8dfa,4
f69023f40,4
4ffc57a98,48
ebb1d9137,48
d782603ae,67
aeefaa66b,73
24ca41300,4
2ea467d26,67
e758b0185,4
3665f35e2,103
8f8ba278f,67
1f2621b4c,4
40752b008,67
b57f26c3b,67
e2c4e9c91,73
855c94fc9,67
aec93bbc4,4
6a8422b82,73
a430b437c,4
55dff9997,4
de8fd4020,73
02378eeef,67
630d3e7b9,4
b3cf1a86f,73
ecdb603e1,4
9cffa1c67,4
934072bf5,4
ac73af09f,48
2cd58674e,48
10bd19c33,48
ac32140ca,4
4a349dc90,4
470847079,67
537f040bd,4
4165e5bec,67
690f47487,4
5a7f69e51,73
4ea0a3352,4
08bee6dbf,48
b8ff15213,4
6e3716497,73
24ee77db7,48
9de01514f,4
35c0567f1,48
f2ef2873a,73
640bd467f,48
0354bcfbb,4
30c74817b,73
9416364da,4
5567bcd26,48
d5400cc1e,73
9a33c631b,4
dc77fccc8,67
afa2ae498,103
50a98363f,4
b7ad587a2,67
5628f5deb,73
8f2f9d451,73
209b4da16,4
37377ab6b,4
96cc54a3b,73
90956475c,67
ce824d546,4
bd3bf8f16,48
f7fd08c1a,67
1d8ca740a,67
33b3a9955,4
25079853b,48
af7eab8ce,48
07f10b39f,4
85e1dd858,67
6e1842cc3,73
6de9b2572,4
7afc693b8,73
c1f89f237,67
91a2ba8ab,4
ad9aa2ae2,4
68039396c,75
ec357f612,4
ee9242d3c,4
a8ae0ccc3,75
0721c0bc0,4
157be3bb4,67
6abdbbd7d,4
509965df0,48
c1435ebc0,48
5f4162c42,4
d92df455f,67
b99ddd49b,4
fe3642b3d,48
1f631a7a8,73
6daf9a7d6,73
75906e681,4
e9483b3b2,73
cc99ce5cc,4
817066a16,4
c0ebfe98e,73
534764190,48
e8226fb9c,4
280b71230,48
1e9cf8264,67
adacbebc1,48
b95364dd0,4
b7a815e07,48
bad8d3e9f,4
db04d5ac6,48
10acd2f2c,73
48e65f113,48
3e17385dc,67
18ad828b7,48
7edbf1ca8,75
8fc79c991,4
4afd54574,73
0dda08338,67
69040ec2c,48
27d271279,4
730d2b0f4,75
9fc9b533d,73
ce6b9b704,4
0dbbde2b4,103
20e92f82d,48
ee578c08e,4
9a9255c3d,4
3aa210981,73
9556bf430,48
ca19d9909,4
03edb6308,73
1a25cc01e,4
2476c4270,4
bea291a1b,4
367f31c9f,48
724560f8b,48
7f01686f7,75
c63427eb2,67
1c88f1550,67
dd33bfef9,4
75dbc2c81,48
78d30851d,48
94269c190,73
0c076890a,67
0aeacb28f,48
88d492231,67
10c508f77,73
7cff9aa7b,4
488cd2512,48
04758b7d2,67
9617ba69c,73
69e5888fb,73
8919d694f,4
1f8e21c54,48
2c6c478d1,67
a20b98b33,4
6d260c2c4,73
f99cc22d6,67
60e8a1d83,48
8e8f25c31,48
42f1496d8,4
0aebb315e,73
c010973b8,4
9090142e8,73
e39fc5430,73
5e6e5030a,4
b09f6318c,67
78c58095d,4
42f3a0c03,4
019df649f,4
f553000bb,4
492569251,4
47499b166,48
6c8eb5daa,48
46017b3ea,67
d7c938976,73
563f7b16f,67
8bcc6b0a2,67
f18412796,67
cdfa5a4b8,4
2382c277f,73
7fcbcdc02,4
39df767ca,67
b104b01c3,73
64dfb8137,48
5e2f03974,67
d14901985,4
143b75258,67
735b3631b,73
e42b8cc4b,4
7c23c9246,4
3f5c2bb22,4
a13259e0d,4
f9acd27a7,4
b5a739d1d,67
ebd745005,4
bf7e00572,4
8e681fe39,4
5eb03fbd3,4
6ef97d18a,67
d50341097,4
aab7f897d,67
ba635bb61,67
c3a60c66b,48
5cc793cd8,73
e6223db31,67
260517e44,73
e53134336,67
9deaf95b1,4
d314c03fd,4
57ff5b255,4
7abf68943,73
3c525cead,67
03f8a7638,48
d228d4fca,4
82c3b7f7b,73
e72c5d3a9,67
9be084d41,67
6601f2903,4
a94c4d821,48
5a2c8645d,73
5b3de280c,48
abe2e74a6,48
bdf131dae,67
fbc1f1f89,67
0313b9d4d,73
b0bde1b03,67
627e5cd5a,48
83f7c30e9,67
077e33f0c,4
0abb8d338,103
c09ec978c,4
1dc077696,67
95a484b75,73
ef21b581b,4
52378ff5a,48
994db92ae,67
59c2eeeb0,4
0a71ab4c3,48
18414db75,67
001e13533,48
233db9b4b,4
cdb8be610,4
4bfdc5664,67
cad0e063f,73
0094a72e4,4
fa434878b,4
c9a7eae13,48
a7756b411,4
f9b4d0e4a,48
2fa4ca1db,4
8e66ce122,4
978d9e4ce,73
fc836e711,4
8ba970109,67
dd7ae60d1,73
0a383f1bb,73
2e8a14696,4
74bcea93f,67
e2567b48c,73
fef2b59d5,4
5998b063c,4
8e390cb4a,73
4fc561f03,4
201a74da3,67
b631d859f,73
f5d022470,73
e028101c5,4
e799e6e75,67
a5a71637f,48
33aacd395,4
17118cb89,75
3353b9bda,73
f7da480ea,4
2c6e87c72,73
5cc548c43,67
67a3ff9db,73
70498b302,73
707760045,48
78235a81d,73
37cb79b63,4
0cd2a25e5,67
adadd8f7c,48
25f594d35,4
d15a4d94c,4
1d145016f,67
6bfc6b8f6,73
e2372e47a,73
af8f1a4cb,73
3d199ab7c,75
dfbb8c112,73
fef9f8524,73
adb78b73b,48
e0fe7e2d0,67
3f3280fd7,75
c0e0640c6,73
b52d8f0a2,4
a05706206,67
61ef56738,75
651a0b6cf,48
2a8131dc4,73
9b353319d,4
f2db90ee7,4
8361e9b86,67
bfefa1d73,73
e7661164a,67
536be8fe7,103
34302ff94,4
16b00a5d5,67
e60c3bf54,67
b70f99706,67
025c07b54,73
656a556b0,4
a9c9495ff,73
7163520df,73
57c274565,67
c4727766b,67
9f0f27251,48
1f65738b8,67
a16eb5fa0,48
343a80f91,73
7315d2e99,73
22be03235,4
909e04f8d,4
8a9b13bef,4
55e0035e3,73
4dc902039,4
9980474e3,67
b8612fa45,4
097dde704,48
afe70f1d8,67
aad6bc2bb,67
f9dcd69e3,48
404661213,4
d12204c77,73
e1499d78e,4
99d0b77f9,75
c8c7e71fb,73
04d9215b3,4
a534b0f16,73
4e65f53bb,48
a45f859f5,75
72d528c13,4
8d4368f5c,4
d08960735,4
317d04297,67
7777e7e44,4
785e7d196,48
805f78d97,73
b605cac2f,4
95b5120db,4
450dd240e,73
1c30e72d1,73
d8749b8dc,73
8918114fb,48
e469820b2,48
0ef6541f9,4
9e4e812df,4
a9cfe91af,73
4f6762363,4
84b6560ee,73
cdbac498f,67
ecf751fe5,73
e7b039312,4
3b932fbd0,73
6b8989275,67
56a02070d,75
d81fb8241,48
c8bff789b,73
625a9dbf0,67
fb094c9bc,73
e36cefcc1,4
ccefc605e,73
b91c00f4b,48
a91e7f455,67
cecb3fe1c,4
ff9c8d8ee,4
c54d38d9e,75
630773b7f,48
0d4b7df42,73
e269805f6,67
eef64c945,67
a1eee5a29,73
d85f2a17a,73
c90849e35,4
9aa3662af,48
78ccf47e4,48
9403b3f86,48
f3c989c3c,4
c08671252,48
057d2b6d4,103
f8b20dc7f,4
52171b028,73
caa9982e3,48
88a7e7bcc,73
bd35bb1c3,73
5db83d658,48
74ee51f2f,67
0fccb02fa,48
014809654,73
7be31a9a0,4
c548ffbe8,4
9174ed35c,73
eab53f47e,48
4e1eb807f,73
64144b5a7,67
147c34f21,67
5c54f01e3,48
a5566ef23,4
cea4d818e,67
2a459a0aa,73
5bc0988c2,73
067c659b5,4
4fa678f28,67
9efbbd641,4
6ad636b14,4
e7d33e06f,73
9d7baffae,4
ab06cb3c9,73
3fbe83f91,4
c6e5bc142,67
284bb203a,4
dd0839e53,67
e3fc821ef,73
f62d1e472,48
ea41e95b3,75
330ca12c5,75
97a476deb,48
01c00d9c8,4
465acfa7f,48
dba8e8e9b,73
0313e231a,4
bc08f60aa,48
0251a7082,4
8904c358d,48
b731c25d6,73
0a117eab6,73
ef8f495c8,4
498de5a90,4
61486eb05,4
8695f4633,4
e1d48d997,4
ecaaa5ac1,48
3aa882bbe,4
6a69a6ae1,73
b382faa85,73
50ff8f2d0,48
a07779d6c,67
6abbdbbe4,67
54dc06c7d,4
3dff55658,75
329581d4d,48
61f3da6ae,73
0ab78aa76,67
94bd779c3,4
5255b9b6c,4
ae78a484f,103
0b75f1f48,4
db86084d1,4
d8f1c6f49,48
c931dc74c,67
b17ebaed0,73
805d8722f,67
b87e16bc0,67
0ce7adbea,67
bcd277266,4
6d61341a8,73
7748f8039,103
71d454f1c,67
8c7a3ac06,4
da9de3c05,73
be007fe7e,48
fa1a492ed,73
1513105d2,48
29f49cd83,67
d8437a7f7,73
8fe41c548,48
8876c6402,4
d637980a2,4
36c544e98,4
2ec1937d2,4
226a4258e,4
288feaf8f,67
5a5cc97ec,48
2f2b2a1f9,75
b64db46f3,67
b84a40e10,48
981396649,73
1b426a50d,103
0cc1eccf5,4
a0e82c1b1,67
875510d5c,103
5083ce580,48
2013e7b99,73
7d2140905,4
fdaf286c6,4
6036f3641,73
bc9873f0c,67
3cf28a050,73
85c2ca274,73
1600cce78,4
f04b99dcf,73
1b0a08a16,48
58f68539c,67
f7fe0d522,4
13452bf5e,4
786172ac6,67
a82ca5b13,67
0a63cce73,67
cf3bba4c2,4
2c9e28482,73
f7019798c,73
d9d483387,4
4b9e61e38,67
3e1727f79,67
3b79d913d,73
d970c4ffc,73
d4f431dda,67
f16b615a7,4
fd3fb66f0,4
9f80ffecd,4
903d6d1ee,4
923e37397,4
b738a5ab0,73
9dfd91c6f,67
7547be627,4
ffe68f250,67
8182d588d,103
f62c0973f,4
9a9c151f2,4
2bc4dc850,48
3d6f46c76,73
a6bda1044,4
0f9da9757,75
d78b3b629,67
931b0b249,73
71c31d4be,4
0aa1d9c98,48
cdf877752,4
a51dbb7c5,4
7e8d0ab34,48
6c1a05ed1,48
97ddeaac9,73
3d5479aca,4
7257ec39b,4
a15f2da3a,73
bfe43d44a,48
d35565c6c,4
0e7c4c272,73
d2dc32c18,48
519f5b078,75
dfff0c929,67
070a1abea,4
4cc87897b,48
27f69132b,67
a76840623,67
1e793aadc,4
2e9790332,73
854453303,4
6fc119103,48
1c074bd0f,67
e283e73fc,67
096e3e1fd,73
77ad23821,73
e68152d61,67
ccf5f3de8,4
65b44f1fd,67
29ee6d680,4
599713c6f,4
754250691,4
a41d29902,4
7725cb554,67
a7f5360e0,67
ec9d1154a,73
918ea59ba,67
96b2a73ec,67
c93150ab0,67
9f69713aa,67
760d22629,73
7514c8182,4
79272fffe,48
ee053208c,73
0d48d68af,73
f0727012b,67
d753dc261,4
f0a786428,4
3076e7608,67
61f237fa5,73
6bc2469f2,67
7a011cb30,4
49f2b41a5,4
b5eb21e9c,48
4b8a4a3da,4
05071bc4f,67
0e538051c,4
7b53e5791,67
701d4ac2f,4
47ac366b7,4
5cdbf8228,67
b5fd782ee,73
656851f72,67
25691eb59,4
b71543e42,48
f80f02286,67
d665d6a8c,67
9ddb372cd,48
856717f8b,4
ce5af8fc3,73
0497c3265,67
3303a56a6,4
b632c0a2e,48
53a05f5ad,4
c6c801e09,48
9b8345ded,4
60a40c037,73
13fff11ed,4
c1f7fad28,4
e0a96117b,73
121fbeff6,73
aaab6a867,73
fe1857f3f,73
bca8bf0d5,4
adc3d214d,73
b2d9ede68,48
ff2e1b825,67
aa9279a0d,4
498d46ee2,48
ad494795d,4
361e308e0,67
98cd24c97,4
064d949d6,73
dd9cf65da,67
778808485,73
cd20c00da,4
c2d0ff1e1,4
74b98cfd0,48
22b20a20f,48
3ceb3dfc0,4
666f4d363,48
e26d85d35,4
cb9adc4aa,4
8925b37f8,73
bf195e5c1,48
13d3c108e,67
9c1a396f9,73
6c5cbbdf4,73
6760a8b60,103
86afbe278,48
99b639774,73
662f45b2d,4
353d4bd0e,73
dc8dc1ad0,4
9ada0d093,73
b909b96d7,73
9d96a6d82,4
34cc8d691,73
8175828ef,4
a086b2043,48
1b2d48186,73
a4a05f743,4
8b31b6453,67
06c56276e,73
7d5d89bf4,67
f6d873abc,67
bcb18c6e4,4
1f42a9439,67
42cc20908,75
e93da9242,73
9edb00dfd,48
75c1b1a9f,48
ee2ee5186,73
d0661be31,48
23c567b03,48
a599e44b9,4
f67596886,48
74bec8798,4
c762253a3,67
af8b9e043,48
8b7a73f76,4
46241640f,4
b6fbcbacb,4
51ccfb7c4,73
3dba87b2f,4
1c64ecac8,48
42090e3bb,67
184b78ad0,67
e267693a6,73
fd3bba010,4
504ce2b94,4
7e25fdd6e,73
1134b4a4b,73
c77e635e6,4
9b444719b,4
6504eee67,4
e57ba8f31,67
200cac2fd,4
99e7f0526,67
ae9a70845,48
0119427db,48
8cccd4aa7,4
e3542e88d,4
bcebc0b3a,4
e21d2982a,4
0befbdd9e,4
db789a901,4
58e9042e0,73
4b57c7aaa,67
5e0e038e0,48
546ea2a87,75
eaeacfabd,48
f6c766f77,73
9af5f572d,73
f69e60044,4
18fba1554,73
14519334a,73
b05b5e5ed,67
1fe55a939,67
ab1d26187,73
95f734b2e,4
794b67c42,67
1f673a775,67
73749e7e2,4
73acd2065,73
12d007adc,67
8f04c2207,48
514b8d03b,48
5287898d3,67
7484473e0,73
5fbdf775d,4
3d17ca258,73
040684077,4
b9f422445,67
23052c6f1,73
cc3b595bc,4
ca2f4b9ce,67
16ad94559,103
38765c6bd,67
abea787cb,67
f1f288bd8,73
cffa6d1a4,4
88c6b5f1d,67
4ec8b55c7,4
80d468ca4,67
167bb4270,73
ba23c645d,73
57d3813ab,4
096df77da,73
f63a9b6fa,4
67ecf7563,73
7300f20e6,48
4a6513e63,4
b811b25c9,67
2f29a2a9c,73
d146e8595,67
8d9213283,48
14b62edb7,67
4fe7886e1,103
6e93d8d18,48
6ebd051c0,4
debf90490,67
7f4a2f594,4
1867b3487,4
3a44b1b54,4
bb15fd515,4
43df50ed0,73
cf68a6af8,4
8dbc94744,4
37aab2807,4
116dfb5a5,73
1037cd266,67
a6732ac2e,48
444a5e9fe,75
6b1551121,4
6a3ce1e4f,73
f90f6d589,4
ce1019f58,4
5fedd16b9,4
caa580f63,75
f441c7185,4
455ebacb0,73
ddfb8f27b,73
491a37339,67
4ce386ab0,4
ec55c0f86,4
c2b8d96b7,4
fe80ea2ff,73
e9cf75605,67
cc0e98f9c,73
ddb556ab6,4
431dab6d7,67
7e6854001,4
117551743,73
3c98993ff,4
80ec46d31,48
ac28e9c47,67
7cb5e6b99,73
7ebeaec30,75
085ed175a,67
30df475fe,67
d83d3fbab,67
7c2d22784,73
ccbe77cf0,48
5fa624040,75
a20b7d9fa,48
611876e26,75
40fe28512,67
c19d02d04,48
358cb6a28,67
385906707,48
6dfa10ee9,73
ff37e4d13,4
1691d45e6,4
61b28f8bc,4
fcac5a7e5,67
981687c64,75
103a5633a,48
15bbc7306,4
6ecd0b17f,4
31a7d4530,48
f638a96fd,4
f6f3f541d,73
dbc79f0f4,4
f229ebf45,48
026d4082b,4
ec3f90c05,67
3df11cf29,67
71273ba15,75
35975d1ab,73
26cf9ecfe,67
fc7362a16,4
440128919,4
2e0dbcfbb,73
21d31d208,48
0be01212b,73
53d90c2cf,67
4fdd76274,4
bd439cf5e,4
9c158e3c6,4
8d2997526,67
e6b713626,4
06631da4c,48
1461713ad,4
532160a43,48
b24b4ecc1,67
c3f6cd0e0,67
6eefb96f0,73
20be2b5b5,73
a2fcedaf7,4
fd88bb2c5,48
db63379e2,73
352a2c45f,73
8d6e9cd06,73
738116e15,67
e394b0931,48
35c39adf1,73
3c425da53,4
656f4c5dd,48
7600dbd87,67
64c056f47,4
62e32ec91,67
9f5e5ec3f,4
b5253f91a,4
5681077fa,4
bd401fd21,67
24526b077,73
058cebd78,4
2d3c0a80b,4
41a9e2617,67
98e101a61,4
603490d95,67
ef40d788a,4
ed8c3c3f8,4
df8c1c48b,4
3776f98a8,48
43ac410fd,103
d9cb87ad0,4
8e07cbf1b,73
40233a112,4
49b354ce4,4
55da8e5b5,48
d4c65214c,67
d00342c5d,67
b260d939d,4
7dc69b4eb,48
9b7918a64,4
3debf4070,4
5184d47b8,67
556f2c5c6,48
7adb142c5,4
3b0daf5b9,67
92d8c290d,4
47664da16,4
36c7c4a64,75
21ea59543,73
8e90cbc5e,67
b7c137651,4
fee9f7c67,4
0b25964e1,4
a0f7fea74,4
5f91412c9,73
8d60b7464,67
1fb1edaca,4
1327f9bd0,4
00450d304,4
b080d20f2,67
f6fe43282,67
a2b22b6cf,48
c4d436848,73
73b47d713,67
e7d7fec7d,103
dfb75caba,4
ecadeb0a2,73
a31b18ea9,48
e1da2a9a7,73
ac1c8b1a1,103
0db5748ed,4
3680129ae,4
ae05e03cd,67
18c42b6b8,4
07ccfbc89,73
8eed96f65,73
376134aea,4
d1b3aaf63,73
b46f208b1,73
413305146,73
6463c47d1,4
fc6fa6753,4
025960a54,73
dd9f61326,48
6485978a5,4
67b0d01ea,4
a0c7302d1,48
97ccf888c,4
f10545931,103
25e91d523,4
2ecf2e9de,103
0623719c0,67
fd33eec2e,48
09c8ebae3,67
aee5c9b93,4
258ff457c,73
eaf6fbc84,48
9989acdc6,73
1eba038ad,48
96109449d,67
891e42a88,4
7894b3f5a,4
6d16c986c,4
8a1f6d193,73
68a81ce4f,73
dde8d3397,67
01262c8b3,4
459d3299b,48
0edbc1625,75
6a8de3c09,48
a7caedcb0,4
7698bb454,4
cb82723d1,4
acaf761d0,73
64a00a8a1,4
79c5126ce,4
841a4bd7b,48
7b46c52c3,48
fb85ca687,4
d278a4f7a,67
4a99afdbb,67
8fb591dd9,67
92673a9aa,4
ee40fc4e5,75
4c25aa614,4
3625c81e9,73
c0ecf5eb5,103
43e458e40,67
cf1fb187a,4
92cf1594a,73
efd7dff01,67
d4ab600c2,48
f73820e9d,4
301315f25,4
8128b8af9,48
7d0e7bbd2,73
1e3e2da00,73
5826bc1ee,4
29d5a8bd5,67
66f455e67,4
6025abd59,73
564564fa1,73
70ef6d8bc,67
bd3464591,67
19466d61e,4
71149a63d,4
8a8eefe09,67
e1f685853,48
7bae0ab5e,67
48c00c048,4
5d238f402,67
2e1a7e4a8,73
a2b4482dc,67
1c946e0a0,67
916ee9985,48
82d5f6620,4
ddb15721b,48
a0301d0e5,4
ce6303fec,4
a3d8cc563,75
9bef7aa96,48
6229791d1,4
2395c9740,4
763b49b1c,73
464b3976a,67
8fdb0b741,73
d482c8cf2,73
4cd75e21f,4
efcc34447,48
d495d29df,4
aa560af38,67
6eb8b8e84,73
5ed174c75,67
2545ad929,67
6cf4b47c1,67
738989c7d,4
e0a576d7f,48
78c02c2f5,48
285e0bc7e,67
2a5df761d,67
9d3360932,67
405bb5363,4
9ed2586ca,73
61ceb0f5b,48
564a0856d,4
02434c828,4
1b0684dc7,4
7d04df1ca,67
35b66a46d,73
3c5f0c3b4,73
fe7857419,4
0045ce94c,67
ae6ab4563,4
515ccfe7d,4
a64d32c6a,73
711216a77,75
4f2196c72,73
1711fd57d,4
8d6118759,67
9244f8d54,67
3be948614,4
2655440a4,67
004b88e09,67
028852549,73
8afd1d330,4
57b90f0d7,73
a10a0b280,4
af4d8f92b,73
e8d0e382a,73
77a6613b2,67
02d70ed11,4
97808297d,75
f6e02f90d,73
62e5874bf,4
a9f0935ed,4
92debc194,48
b8f76869d,67
5c9aadf3b,4
3d95467fe,67
1ca3b1ec9,4
30f515f27,103
6c3ecb861,4
715656abf,4
337ffc67f,73
d1a2458d7,73
755794886,4
62728ae3b,73
77fbaf59a,4
d8f8bccc5,4
bdbec7ef5,4
b145790f2,73
f35bba490,48
04a069392,4
34c4cf37e,48
97cf2d9a6,4
dfceb73a0,67
66df2d548,67
17d0be640,4
197830e87,75
b0f2342ea,48
4cacbf1fc,73
be75bee29,4
e9a2109c0,4
d3d08e737,48
dc39aab6e,73
abddbf3d0,4
4c039d563,67
99e810fa8,75
2dc55fb57,4
b9811a813,73
53622739f,48
818253773,103
e64905c2f,67
f9096c83a,67
7593bf7d9,4
318d049f2,48
0713eb9a5,4
5d796ff7a,4
50749d154,48
974a99cd3,4
a62dba9de,4
ea072301c,48
57b0ac4e3,4
6022f99db,73
269d88554,4
21191d2da,73
09adc5faa,67
7fad74e0f,48
0d558f91e,67
dafe76eea,75
6c360b751,67
07d138d01,67
26ee00728,48
1f00c0495,4
e925b2ba5,67
2a69fa3a2,48
b108950de,67
0dce2cb5c,48
1314201bc,4
9011dddde,4
bee47a94b,4
b882b8bd8,73
5ff5a39ea,73
e5eca71e3,4
e6e68b7da,4
f337de2b3,75
fabc19e97,4
496bb2adb,48
38477b2a2,4
a29695033,4
787578be9,103
6f725ddd0,73
6bcdb2495,73
97947bb82,4
b3deff050,48
141ee85b9,75
6b3c00c84,48
1a6b89e31,48
a94f6dde1,73
5d0b6dc90,4
69dd8b98f,4
8fa62ef13,67
719a12da9,67
8b4dab7c3,67
6d711f23b,73
c72964068,48
1a33ad4d8,67
26f0c457a,67
147d79f8a,4
1c08a7736,48
388606357,48
b10193db4,75
bfe670846,73
6d0419afe,67
4d178a6b4,73
3d3dbb521,48
7dea65fa8,73
38b394064,67
fd0121113,67
60c0ff1b2,48
64dba18d7,67
b765dfa87,73
08031b106,47
80e758118,4
baa258007,67
fac66356f,4
47c4e4fce,4
7a512bfa0,67
1c5dacd9f,48
eb66fce7b,4
057cfa1b3,48
b82ef433b,67
11cd8f57a,73
def4dc802,75
31e5dda95,4
179aa8d61,67
73654808f,73
b74047d71,73
903a3ee76,4
9dfc925a1,48
88728f169,67
adbd3dcf6,73
919aa404b,67
a0affbd33,67
be75d9856,4
241a96f41,67
3a17f07b0,75
91ed2728b,67
6034d93d9,4
49c1a8313,67
94a7c5ed2,73
4831ae48a,4
f8c41bdad,67
2690d9568,4
5bddd9a50,4
a195eb3f5,73
0bdbc4859,48
41af5743a,4
91433794a,67
cbbc6e017,67
43fd926f9,48
5608c05be,4
3c5103dc0,4
4d0229802,48
4c5a20840,4
bea8158b9,67
7cca3e7ec,4
1cb630a6e,48
56697962e,4
8848222b2,48
8304d7230,4
fea37b294,4
3a9b30bf8,4
465605e5b,73
11db2e1d4,4
5c597c7e1,73
1a6e886f2,67
c28a33596,67
3cade7849,4
124b3526c,73
fd25ed5d2,73
c21cd70d4,73
3cf641526,67
00a7a6244,48
e557fab37,48
9bb756baf,67
e2e81b2c4,67
487a6f05e,67
9e60a5b0b,67
e12b35292,73
b335b5bd7,4
2c8f66cc6,48
47611c7b0,4
1fe1e5c34,75
8d36d1fd7,4
36af4c914,67
7859791b2,48
232a50a3a,73
cfdfb9028,67
6c123c407,73
d6ded3726,73
d96c3a358,73
5cf823995,48
ce27113a5,48
daa767533,73
df23921b2,67
ef6a25c92,4
1caf8b7dc,4
6c77db7f1,67
52c27c7e0,73
4e7bdb1cb,73
419424bb9,75
0ce2742b7,4
871699e5b,48
b5e238431,4
49fc70cb5,67
6a6689958,4
0d69ec15a,73
67a4a4d91,67
8c66b87c8,4
44fb03a32,73
12b630964,4
8ccdebad5,48
70be85fb4,67
3c22e0a0e,48
5e01e9489,4
0a90e5cb9,48
4adcfb275,48
683e58330,4
6d7ff30b8,67
a7fcb3749,75
89ea4a518,67
b9eed2baf,73
1151a0d22,4
440daa96f,73
71c381469,4
68c50e34a,4
6e045ef23,73
d1cfb6a0d,67
f52f85873,73
118a60f12,48
8d44b6bfe,73
4342207cf,67
a1c45a1eb,73
5a078c961,73
84412137d,4
953076db7,48
a4f827652,4
25b6d41a2,4
bcad89a07,4
afa405f0a,4
ed55bdf99,4
f39ff7ba2,48
85c40deca,103
08820c254,4
32863f792,4
50a98f706,67
145628804,4
32d710e55,67
8cee8b405,4
629160ccc,4
f1b2738d0,48
6fa36a899,48
68e8b6b9a,48
a8338c626,73
1ffdf0d9b,4
57bbb106e,4
f7f77acb9,67
30e82e694,73
f6dfa3eaa,4
1a5d9c089,4
aead648e4,48
664ab3455,67
931e94184,4
e8e62aa32,48
6db9ae896,4
dbb2bf69b,73
c52257cf9,48
96993f959,4
7677ecd51,4
0be370901,4
8d0b21b05,67
364e07591,48
1ef2e4de1,4
5885a2c34,48
6f25bec48,73
5d56a12d9,73
d9a466069,73
1cdfd8172,48
a794b05cd,48
f809ac529,73
20ac1c597,4
87f8091d2,48
a0ebf07d0,73
599d64d01,67
681e2b154,73
c4e7f3aff,103
d28fc9f29,67
6be94f8cf,48
ccde3ea45,73
f21ab1aa2,4
35f0035c1,48
c8baf7ea1,73
6c4b066af,4
ae4b7aec3,4
6386c2d78,67
63eb884ce,67
a0d5a99e0,4
857a39495,67
c9efb9d66,48
3537c6c84,48
18ce23111,73
99f271a51,73
f7696fbde,4
de996c4a9,48
728a12444,48
78ceb6218,103
d17630e6e,67
1ff3a322b,48
c753eb6c0,48
94d387cd6,67
010c5d8fa,4
c11fb922f,48
175e8c4fa,73
fb93c4c46,67
897a2400b,73
d71ba33b6,4
b9feb1bca,67
40ded13ea,4
d1edcd33e,4
627f0996d,48
c3565844a,4
1b8a45d4d,48
0e675095e,73
346182497,67
d415cf45d,4
67556ec2a,48
e8cb185dd,4
bf9e90a5c,75
6bf3d86a6,67
d81994ed2,67
a19239dbe,4
eb2216bf9,48
b846a9ee6,67
c8cacb55a,48
49f22c2e5,4
66cfc023a,73
848c7cfe9,4
1d762bf2b,4
ea915b13b,4
12fb0107d,48
ab78481b6,48
1375fd010,73
6a1072588,4
1b07b0a53,4
4cf56a9f2,4
b48c962e0,67
9ff246fe6,48
0b8333bd9,103
d16bd1260,73
505472dd2,48
ddd24583b,67
7f6076e29,73
8745560e0,73
61ff4902a,67
ca256fab6,4
bbad1c1a8,73
9a6a82b59,48
481c58d57,48
34c97f64c,75
75e6b445c,73
0cec3ad84,67
bfdd4162d,48
849e05914,67
ea85ab37b,73
98f577627,73
fe214efde,75
967f27ca5,67
b6cb0c2b8,73
67eb6bb6d,73
ee6971d20,48
f37a76430,73
4abbf6ecd,4
24bc9be2b,73
8faa5deef,67
8ef4a7754,48
9d44bd787,73
d6cd39e5b,67
b364a9362,4
911ecfaec,48
0f6325318,103
960b40f5f,4
496eaacf5,4
3294f5eb0,73
5febcda99,48
708c1099c,103
07b2feecb,73
95e7165a3,4
a475599ad,4
b72ac95bc,67
d4e9355ef,4
0be920d76,73
03af10094,67
da4a55d56,67
6bced57ba,67
55a7e02a2,67
8c7950b1e,4
ceb261e4c,67
08770c1d1,67
2ee5a9066,73
2d9284433,67
2dfc47c2c,4
64803f8fa,73
e82201f68,48
462a4b1f1,73
610314687,4
2b7da32fa,4
a23d903c3,4
95c77ab53,4
320890eb5,4
676bac625,48
a497a8c2c,73
d86ebd20a,4
7eed3c569,4
811acf839,4
bdb951b2e,48
d4350350c,73
be3a7698e,67
904f86ba0,48
622301a2e,4
e91e87dd4,67
2da86b144,67
68596af51,4
58a2ab14d,73
b0f5e118c,4
8429cc1ab,48
8073355bd,73
af511f5d0,73
7472f2db4,48
e0151da58,4
bf7b19901,73
58c90fc33,4
6ed6b136a,73
57b85fec4,73
cfe6b80bf,4
97d3f3707,48
224d2ad17,73
508c39bfa,4
57a04f0ef,47
77aa8505f,73
f5aa796ed,4
3fddc8eeb,67
a7df3f054,4
08710eaac,48
de757dbb0,48
7ae85e90f,48
2b3d7a7da,4
33b9d73b8,4
69d14fa3b,67
710ee21be,4
5f66aedb4,4
6569b16eb,73
4eac8e323,67
a43f7fc0e,48
0afbefa46,48
be7a473f4,73
991108b09,4
afa55360f,4
9a3fa2c38,73
f0e91b85a,73
a00b723d8,67
37771fa98,67
972c95932,73
4efdca978,75
50c36b121,48
8c17a992a,48
41e36fab5,48
49601a7ba,48
84fc267ba,67
f116f4ff9,48
bd8830a6d,48
ef799e46d,4
7e53bd3db,4
2a69bcce9,103
ae8e3af92,73
fec748ff7,48
92be2245d,48
f5ae2d10f,73
8935eaabe,67
de06ff6f7,48
01520f1c3,73
6f09acc36,73
7cd4cc27f,73
671c7b595,4
856565e67,73
47f7fcd87,67
96a197cb1,73
eb83e32a8,48
1a0fb01d4,73
0b5c8e646,67
4863d1e67,73
28b08d407,48
a1b220f98,67
4f4f5f14e,67
837a91c2e,4
563a8d7df,48
64a8fad00,4
7b6429c7f,67
d5cd9674d,4
563ee45dc,73
d2927e981,75
139bec7ca,73
1c35c04a8,4
09c2d54ec,67
43f34500d,4
6e3ac91be,4
bead374cb,73
257de6c9a,67
ecf64f4f9,48
c3d234832,73
93af01df3,73
fbfb8db0b,4
de4b24dec,73
db0c2006b,67
855c5dccd,4
1aefb1a74,47
d66dec02b,73
8d3aa53aa,67
2f4a6e151,4
f05894941,67
302e11bd2,73
e1b3d72dd,73
d5e054427,67
e8bf3b5ec,67
2043fd8b7,48
7d7a8baeb,4
7c8007f01,48
89fb3d0d3,73
d01453352,4
b1845770d,4
a564e4f51,48
2b4be937e,67
8d195e4db,48
7eaa17466,73
67cb3cf97,67
8e8259669,4
464ee7908,67
e88d42b8b,75
7409a08d2,48
dac6805a7,67
c590e76b2,75
407b393a9,4
8a6ff36a7,67
736b7b278,4
c232077ef,4
1e28c6a4e,4
dfb5140d1,48
8a4c6a3e0,4
f0e6a679a,4
b9204c339,4
5689bcc21,4
a85e27a09,73
53033eeff,4
176afa321,4
52189b48a,4
2542212f7,73
272457fe0,75
d18e36dce,67
132144011,67
a1dfe6e17,4
87acecd2a,4
b273a1ca7,73
3a19e432f,73
166cc9d99,48
790eb61fb,4
915159fd1,48
ebf692344,103
06d517e80,73
117831b8b,4
50df03fb2,4
f53f2f68b,4
39e2183ff,75
3962a6493,67
4a530e1c1,48
f03697dc0,73
95ca52d65,67
6309c0fee,4
d0e1963b1,73
bb4688502,47
f247352ee,73
269695569,67
59f5594d7,67
67d5e3bf5,4
4232febfa,67
acd745458,73
0422f8181,67
7dd683db0,73
6b8f11ae1,48
1adf45393,73
183896a90,48
9cf28dce1,48
a4e32e242,73
d0cd8ecb5,4
d913c762d,73
cd4bca93f,67
278e6c9fc,73
8d73023b6,73
6c51e020f,4
62c459f66,73
8198687fe,73
d82441a6e,48
2873bf12a,4
dbc26a259,4
6a414bfdc,75
7089f8683,67
62eba5d4f,73
eef5aa7f3,48
51eb14267,4
9c5095d94,67
3d4a5ad3e,73
ceaa96cd6,48
41dddedd7,4
786ac2686,48
b63c59f86,4
1a5b47e16,4
a405112f8,4
8c39d1b41,73
d7d655c8d,4
e665e264d,4
92d062d8d,73
74f0d70ef,75
c2ad42df9,67
b35d89433,67
22915105d,48
3bd1136ef,67
4f8a37fb9,73
7a660b9f6,4
5b229190a,103
7a8d95cdd,67
5d375ac61,4
a71e2481c,73
976e6375e,73
dc826db21,4
b3acfed2e,4
5ccfc8dea,4
f0f900bec,73
27455ebf9,4
19c5ba9b6,67
f05946c39,67
28aef7cc5,4
35eb134af,4
e24d7d290,67
d9d6e7525,73
82aa265b0,4
2ceabb5ef,4
83b0ea85f,67
4a5172bd5,67
5155022aa,67
9b608697d,4
39dbd326c,4
8e298b272,75
c68758b00,48
1a993f386,67
2b91acd3b,67
7d33fa1f7,67
44ad68c26,4
750bae291,67
c55a2af2f,4
55f00c851,48
ad82ed1ea,75
a391d5adc,67
87a192226,4
da5d0dbcc,73
b57325fc7,4
56cfcf9da,73
934408cfe,4
0ea98df12,4
bed5ebc31,67
29add8561,73
89ef3a121,4
d5766b84a,73
c25b13b1d,4
57c0bd843,4
e2a511303,67
25d63647b,4
9e3ca10fb,4
dc2ff7073,75
504e1695d,4
ee58ae806,73
ad7707082,48
00e3084c1,73
68510e311,73
e611ad6ae,67
8df2a19b0,4
7965e86c9,67
afbd78d62,4
2858fae7c,4
d710d0940,73
ce60e5f2a,73
d85ac7942,4
9be9e90cd,48
4afa6c98e,4
d91b12e12,73
4c4fda276,67
86dbae006,73
0be81ab06,67
f0abbb0a3,48
bc53d427f,67
fca2f698a,67
b77626f46,73
6c95b6248,48
3756769b5,73
1bb8d0c39,73
704dfd7e8,67
81d39b116,73
c1c9a86db,73
727d99d68,4
26844c8f3,4
054de124f,4
2118eb37b,73
e416c112a,48
ac184d84a,73
71c1f0507,4
c071b59c2,4
d5198c9f6,67
fcc54c894,73
9b2c62063,67
e4f8cae75,67
c92cdfeb4,4
63c3945db,48
a98070f17,73
cd35b6b36,48
2bed40346,4
202b90ad1,67
32d9fa7d1,73
7153f9700,73
85d27a16a,4
151cd8478,48
677dcf9b6,67
e6798651a,73
1f1d99593,4
a94695f27,4
75607a399,67
cee0a6466,67
664bad216,4
36568fe64,48
932aeb630,4
3da7aadde,4
9f9578396,67
030364f27,48
fc2f9869f,48
7f71b69e8,73
e9c29b67d,48
52eae9528,73
caa1dd6ea,73
be5a25da8,48
6cd33c3ac,4
f1ccc8566,48
b91ced576,67
0072f64ea,67
abd803ecf,48
f9731b808,67
c38903943,75
c180f1160,48
fb83a0899,75
45c144250,75
c301cdf4a,48
07f963c50,75
9a411636d,67
0664c88a1,4
b7f261913,73
fe9040ec8,67
b078f662b,67
d2e37916f,4
e6c5fe236,48
bb298dcc5,87
cb02dfd8e,4
2d40a8e47,73
18e4061dc,48
24dddb20c,4
c563c699e,67
e914d195f,73
250af268e,4
fc220624a,73
6ec67346d,73
083109f62,67
5817b58d8,4
b67bdf3d5,4
414fa5cce,4
0543d5d92,4
98a3b2209,4
d64daa728,67
873590360,75
f638bd582,48
c70d94083,48
1f342e690,4
8a5e8c715,73
5e84a449b,4
9d3f09890,67
eb478b7cb,4
7327abf40,75
6f229cb58,4
876b105eb,73
706bd2088,4
07718a208,73
dd6301145,73
97dfe0bfb,67
7dc21298b,48
54620ca30,67
83f820e61,67
1c8122f7e,73
b78e121dc,4
1fb45cb2b,73
30b4b7aea,4
b7063973c,48
76b0d0576,48
88d3afe93,4
65ce506a1,73
06f00d362,103
4fd1724de,73
1d9693978,73
a4513ca36,73
e8475ad43,67
2bddd2904,73
9294f2050,48
c7cdff2f2,73
acbe731d1,67
887cceb1f,4
abd018788,67
6bf4a58b1,67
6959092b7,4
06a1a191b,67
900f1f50a,67
3ffde4543,67
6e74639ff,4
f4dd28145,73
46d8e8e19,67
afdba6c0f,4
7ff8d6f85,48
157924ece,67
07e4f36cd,73
166c6bbf7,4
764a98598,73
fa43f67ed,67
6adc43d81,4
9cd366371,48
06acca7ac,73
a1ca4c928,47
94b493650,67
7a538b99e,73
9750fe0c2,4
86f5cdedd,4
e046fb456,67
b82ecce8e,4
b868bcb9b,67
7e23f7ad1,48
1a902c080,4
29fd845c1,67
c50ca0af5,73
69bdf9905,67
4884ed7c2,4
c1573a6be,4
09bc0c309,67
c61564271,67
8005ccb52,67
79901d55e,67
3552b2954,4
fbc9ef0f9,4
c32f14d9e,67
0395f93d8,75
9e4eb029e,67
80d50c469,4
2406e977f,48
0c76a33ad,4
35e573945,73
c9f640a80,4
1d6fbd789,4
9b9381ad6,48
a85a06d9b,73
d1511e64f,48
eb1ac3552,4
950c30887,73
8dc5fdc92,67
cfdf97182,67
e09c2b70d,48
a388602fe,67
94ef8e44e,4
3f1a86245,73
5ea36cf54,67
d6503fc7a,4
1a40b279c,67
7cdae8d89,4
cef09a713,73
3474e728f,73
e4d72ce27,73
b7882444e,67
994b891a6,4
1fadcbda5,67
ef123cabd,48
875d12d36,4
8012c6779,4
745cf5ce0,48
81bb11926,4
bbbc5f9a8,73
bd049d019,73
21c3d4a53,73
6094552e3,4
570029ba3,4
719e9e88d,75
dd14b70c4,67
eef606ee4,48
18abb30af,67
997262689,48
edf6883b2,73
57abd6d16,73
983130c4a,48
4f14ea184,73
a6ef2c9ab,4
15cb0c24a,4
37b58af62,48
4f4574478,73
f0bdd22d9,73
5376bd006,73
085b33a8f,48
cd29fcb6b,67
cfebc1eb9,4
54b876ff5,67
206696cbf,4
52e436680,48
495e8216f,73
1c3a7bc99,4
ebc7ae3b0,73
a44826a0e,4
aa2b95145,67
1d3399cbf,73
e75ba2d32,103
ad74613c8,48
9b9dcd9c2,67
2c302c916,67
60c188245,67
c87d22df3,48
ddc839a0f,73
b20b97998,48
28c5b096e,73
77767dd21,67
d56664e9d,48
72f51631f,87
22cbf6e58,4
7d32579d5,4
6144fcc9c,73
8228ed988,4
1f0642fd4,73
a3b63b1f7,67
c50fdc486,4
c652a7499,4
7c9adc043,4
cbff5d0c1,48
94a240084,75
b62a1a945,4
769f6fb8d,48
0ea779a14,48
bc4b01a52,73
f3b8a1077,48
5bf457360,73
ffcda7d10,73
c0825b4f8,67
529f2ee42,73
7e1f50feb,73
24bc6b404,67
e4c0f1e32,67
e163f8333,48
168f633fc,4
f2cfe18dd,73
1ed9fc0aa,67
1ce1a7e34,73
7e5967223,4
0b619448f,4
9f905ae2b,67
da98b5bac,4
f718d5fff,48
85e11330f,67
93f0dd7cc,73
ef591cabd,67
6180782c6,67
6ea2b0e7d,103
8f4e1b979,73
c354e0d67,73
c3bab1104,4
9a3a414d4,67
be30d241b,67
cf3047df1,75
83bd193a6,48
3eba562ed,4
669487461,73
76311e00b,73
18a0fa20c,4
3f4d7610c,67
9dec6e6da,73
d8f64062f,4
57f44a56f,73
34a95a94a,73
57f693d04,48
4afd6043f,48
b2cdea1bc,4
3e043e76d,4
5b1f12738,73
690f1dea5,4
2b1fb675f,4
869035e2d,4
23cce6771,73
bd6b0dfac,48
41c27b630,73
bd3518b92,48
946ef4894,67
0e6c034cd,4
885d5d2ef,75
c874dbc71,4
d4362cb73,67
3f3cfc6e5,103
a7e869862,67
5bc1503a0,73
6129c13a7,4
815b552f8,73
c0b653e38,48
2e31631e4,73
eb0f37d39,67
9a970ddaf,73
f2f66f2c0,73
6e3303932,73
1507fc4a8,4
033f56581,67
43c7672d1,67
c4c67ba42,67
7cb805a4b,73
2c54bc2fb,48
4ea7f54f5,103
875d61521,4
537f3aa34,48
7a26fec2c,4
0d7eab0ce,4
cad6a0d66,4
a2e477d6f,67
e23369e1c,4
48bf5c6c5,67
656ea8ca7,4
a7464ddab,48
ea6121903,48
93b56e886,4
ac263553a,4
4d7e7b6cd,73
6a69d191c,48
562b2d688,67
62b5e80ae,48
ce2745e96,73
0502ffb63,67
19b55b489,67
08302b7a3,67
3ef916a55,4
0999994cd,67
73356bf2d,73
bf8a78505,73
c3af619d3,48
acc347bb6,4
1b7916b63,67
7e85cac95,4
21608cb5b,4
f9a14ea8d,4
eecfcfd26,67
003b89961,4
9ff26d18b,4
0af1026b6,67
8893d08a2,4
82e9c6954,103
e788cdf9b,48
4dfa64964,4
078233359,67
3d0556ab9,4
b601d9f8e,4
4a42f34cc,67
842be06bb,4
55603d86c,48
e7f0f1e63,73
5d35e5409,73
2557c29c7,48
ae6b4c59b,4
82a37e873,48
1b4b7b0aa,4
b9e513369,73
d8346f57e,73
1081dc395,4
a7855a3e3,4
408db7399,67
52232fe3f,48
0ec158f7a,4
10b54687f,67
6db4781a7,4
093f50986,4
21a5f41f7,4
29bfe409f,4
e45a03866,67
ffccd38bb,73
ca865c4b0,67
12c03d834,4
e4e3d8a4f,48
5607b2020,67
60b3c1ec6,67
c27d9c294,67
916834e2b,73
32bcd07f0,48
8592e5ece,67
e3bdad3bb,73
aeb1a52fc,73
85c84a176,4
55683854c,73
463545278,73
bb5147a35,67
964412965,67
3081eb3d7,73
78c19e86d,67
7c10f4b8b,67
8b2b9d6c0,4
e830a4d93,73
8d5b79bb4,73
db2bf0488,67
c48f8f050,4
17c2e1b73,67
f48aad6a7,4
d35b47e60,73
04ec1f692,48
b067fabd8,67
89e147dd6,4
6b9570949,48
237c95bc6,4
031a7c19c,48
a6ade9e09,67
ea32570af,4
480dbd0cb,48
2b07811fb,73
ee64fb7d1,73
eaf19ec05,48
577136af2,4
f34e6c4db,73
064a230b7,67
6429d59a3,73
386369977,73
2586669bc,48
c8e30f4c4,67
2e7d74e55,67
2eaf291d2,4
2da61d102,4
9a8d29f7b,4
fe824e9b2,4
684a48f58,4
f1e71c574,67
2b4605245,48
88ab1aed7,67
68e87d794,67
f99c51769,4
d4bf7a89e,48
ed429fccf,48
0c56833c4,67
79cb3514c,73
63ac3780f,48
eb0a1b58b,73
26444f504,67
2af766509,73
943e13c28,4
816ea6eb9,4
a5d650b37,73
691ff0015,73
f9f196acc,73
a5b6a29c8,103
6a9f813a1,4
c87bbe155,67
1beb4e8ef,67
935518c47,4
4fc55f7bb,4
40eda589a,67
2ec187152,73
1363038b9,48
4b0320af7,4
1218dabe7,73
aef983095,4
0b9edd8f9,67
e7791dc5d,67
228540138,73
a17d53e19,4
ea95803b6,47
c01254e45,73
03c4126b4,4
f21f7aba6,67
aaafbe4e9,67
6be539abf,73
95ab27ba4,67
5beab41c5,4
d0b48815a,4
a1ae9344f,4
b32d80296,67
4546ad0cd,75
420e4c39d,73
7723a9059,4
87f6a1325,48
1f38d6778,75
f157a3c6b,4
b8c3f66cf,4
90bd4a9cf,67
70cbc35a5,73
eb4bacc7c,4
5c71c2638,48
dc4a5c985,4
b27c04f88,73
ead4c9659,4
0b027c740,73
b0d928a20,4
43382559c,4
2ae165ee8,48
019a2efb9,4
789e8506b,67
5112d23be,4
d8f81ecea,4
4bfdec3b4,4
0963e2956,73
509570780,67
ee3c66211,4
ad0d1c07b,103
9da5c57ef,4
cd3c07f1e,4
03c54f05f,73
1f5a8d8c0,67
a016dd653,4
69c31f86a,67
c1e7e7867,73
2ce1e0b6a,67
4d8257f18,73
8a0b0f47a,48
151d03177,67
8ad5daf80,4
f880b1d01,4
08a78ffc3,67
f033adb55,48
3beb40bce,67
e7638c0a5,67
b9a264608,48
b1391f097,67
81f2fa04d,87
495523f05,73
53d1111f9,4
5d4811c9b,67
a4c653f29,4
e9928cf8f,4
377abf496,73
08c3da1cd,48
c05075421,4
46d056d14,48
95eaa8650,4
88226300c,73
2c79f3a6b,48
14fe67e77,73
0667667be,4
07b1b8c87,67
bcbc0ec93,73
e9e0698f5,67
ff6213278,4
5c76c7057,48
804f7c7a6,48
36112c4bd,4
3714d19b7,4
ca9c4b1e1,4
5ee6cb24d,67
3e3942656,73
39c5bb98a,73
b96651b6a,73
b2d223ece,4
b30719c82,73
377240bbd,73
0535ccb68,4
c6fdffb79,73
2575123f6,67
8e9cb9e5f,67
9e011c986,67
fb2895935,4
26f14822a,48
7af3ecde3,4
fe30ebb03,4
b72fe5b8d,75
dc4338093,73
ed849ee3c,67
f5207be25,67
1ec665f37,48
3d087513e,4
8bf87e69c,67
a0dfbd411,48
6c1e0dfda,4
70d37d23f,48
cce4b16f5,67
486d538e1,48
ec7f6d106,73
3599e2fbf,73
36d0c85f4,4
34aceeacc,4
90b57e4a0,73
b8a90ad87,4
74f1c073c,4
11ed4fed5,67
23ea06b99,73
fd6b80e18,4
3bb893d48,48
f5e86abe9,4
a3d0ecd9e,73
2083b8669,73
30802b47e,73
d34eabf31,73
dc40a9854,73
10101e982,4
805888e57,67
83abaef21,67
38d113afa,67
383ce35cc,4
fc6b8b594,73
14ffc1505,73
4c613566a,73
2b5c4fa01,73
4a03138df,4
bb9565c29,4
f1babf32a,4
96d8b0c1d,103
21ca80954,4
3eaf5a947,4
3d000dd19,4
7790e656a,73
c0a9efdcc,67
07b9edd52,73
e9a53e9fa,73
ad27e607b,73
5a86ac765,75
947bca713,4
333118494,75
65a3a7b6d,73
902b5770f,4
69af53dca,4
ac67924f9,73
b0b810f90,4
0ef6a4923,4
9c3ca26e9,67
aae8b6cb7,67
eac0fd0b9,48
9dfb86d81,48
fe1669ffd,103
d30f4ccaa,67
35b89eb8c,67
090a1154e,73
5f274a6ad,4
90e8d8225,4
ed0204f22,4
50b7b51b8,73
863e8afa4,4
f281ef28e,48
f6f821392,48
eed177624,4
5f84c75f9,67
2a017a2ec,73
ea755b7f6,73
3653292ac,4
9e421d059,67
fda42498c,4
a8e6d30e2,67
3af79d01e,48
f7ec97ce1,73
b80e5bddf,4
1777595a2,4
0571dcc03,4
7db44032e,75
99f5a507a,4
5dac2f949,4
4ff54212e,75
4cf1de29a,4
d1dacf9dd,4
ebe718ae0,67
e6135dd8f,73
caff65f31,67
91275fda4,73
8fc8f357e,73
0b2640e87,73
b2004fc1c,67
a9a1e0332,4
56cafc1c8,4
edca7ed7e,67
8e75c9098,73
195bacee1,4
abb27a80c,67
7059b2c59,4
f7890fb5d,73
98038f676,67
5528db727,4
2a60639ba,4
01597bbec,48
2194ed33a,67
738af3f29,67
6b8d9d74d,4
3b518d13b,73
ce0668511,73
e4bd15b11,48
2a499fa40,67
646e258ec,4
54419838d,4
f6e9739ff,48
e72ba29c5,67
ce72a44fe,73
6ee6d6c48,4
09cec0e8a,67
2c061c902,67
816ada493,4
36da5e9ca,4
467d1a4a4,73
d0411902b,4
698676b2c,73
3b6e604d2,67
f59c3ad7f,73
02b01a158,48
226ff375e,48
465f2ddcf,4
18d6844a0,4
979be015f,67
df01d58ca,75
7b6d30721,67
7d0e16879,47
5f729cf60,4
d1e91d28a,75
79f689862,4
da1b9b717,48
2e7fad027,4
7b1e459ef,48
cfbc79ec1,67
a11aaec4d,73
2ca0a45cd,4
436f2b8f1,67
da6f46b28,73
16c791a6f,73
3be259713,4
c4c9b5dc4,4
5d171dcf7,67
8996126cf,48
374452b3b,73
fb9a6a9b5,4
c64eb3a36,4
f0f2f3e0b,4
1bbceba89,48
f8aff0cd2,73
8f206287b,48
6c2ce6d90,48
57d9b8302,4
c92684487,103
7cc00d3bf,67
a1c8de469,4
6953f8992,67
f811b7fa3,4
1226ffc63,73
a3a17500a,4
433c9564f,75
9d98f7c9e,48
ca1b7fcd6,48
8f7dafef1,67
757e27b6b,4
056767c8c,4
2bb868394,67
d1ae6b983,48
792e61b1e,4
07f85cd68,75
5dd6b63d9,4
597ea383e,73
8fe3eca19,4
f9eb9c412,4
76dd2577e,73
9123fc9c8,73
a7af85579,4
50c9fd635,48
4a30cdae9,4
19f18eb63,73
767a87c4e,4
3a391563c,48
a5b604f04,73
ea36e1b93,67
c62460407,73
0c7c4d0a7,4
a3119fa46,67
85d30d942,4
b8c434ee9,67
fc8428025,48
202eabfc4,67
7f7b2c732,73
a6e42d0ec,4
434079379,67
1706c5144,4
131ea4f52,4
96df0c6bc,4
888fb3305,48
afd56596f,67
6dc1a03ed,67
e3b0ff721,4
6abab3d7d,4
075d6bb86,73
91398b8af,73
b0e07a930,48
84a3027c3,67
d9e7e7723,4
7a9de4b35,4
4591d2725,4
44903b337,4
57787a61a,48
45610320d,67
d08d707db,48
2cfc6468e,73
847402c34,67
fdf61c313,73
1d49676bf,4
142929b13,73
baa0d1cb2,73
9d38f1232,67
4dfea8574,4
42d890962,48
cc6a65411,67
914b0e71b,48
a048044c1,73
98cb45c72,48
24d5596ef,67
e11a7a42f,4
e98492667,48
7de565519,67
a1a26657a,73
88621ac35,67
394eed0ec,4
01a3fdd52,48
77e34e261,75
b30ac7015,67
4d88ed603,4
4a3bed1ab,4
2cc73c0c9,67
ab905cacc,4
fd1ebe8cb,73
c6bb832b3,73
d89e84047,73
64213e873,73
3a1d5b5db,4
14d0bc36e,67
c0dd27777,4
e83500196,4
0f0ccd222,48
2c7a32907,73
a0bdfb2d3,73
f7107a3a4,4
8af4a8896,73
f76006728,73
9256e64b8,4
aa32d1bac,4
c5c1962bb,4
fd5cd4e2c,73
3f7a7e0d8,67
74d672d39,73
63ed2755f,67
07a4b0444,67
0c8abe310,48
38a3caf8b,48
797da59fa,4
fb67e5172,67
fb8be9bfa,4
9304e605c,67
ebd098414,4
4ba2dc197,73
bbe2e7c64,4
6a9dcc24b,67
72606e8f3,73
f8b87bb44,73
5ea428031,67
ca050faf8,73
39b18554c,4
671ad3443,4
ee19b7f65,67
8e2bff6c6,73
018353f1c,4
337187c30,67
f18556a22,4
e9471b958,73
1d3f0519b,48
ee3c0e393,4
3919d8ac5,4
9ed125a83,4
536c83e57,4
7ac6f5ed5,4
702cf1671,67
18ed42876,73
547e41140,4
b8bfa2b50,67
cfe404d71,73
218e61006,73
2fe816ce2,4
eedc4e2f1,67
9cd6277d4,103
36d4c70b5,67
875858dad,67
c93ecfaeb,73
b125a5970,67
b45121ff1,48
1e59b9929,48
b52c3c500,73
7beeb67c3,67
f9de43fb7,4
368d86c92,75
4c8e7b1f5,4
5e003d916,73
052f7e154,4
aaef221e7,48
9a167fc40,4
4208f72ba,67
0d6befa42,4
4479a460c,75
23ea13205,73
5e69e6a8e,67
ca1095668,4
d75974136,48
e5540e0f5,73
baa4deee5,4
6f238770e,4
66cf381b9,4
6ba2f9b54,67
e6c9612bf,67
19b046852,67
69f5b082c,48
8b293a45c,48
1c0c4fa86,67
fb532209f,4
77759374e,4
874df1738,73
eaa8b622b,48
a18ae9e89,4
a4d628083,75
9e87cc8f0,73
31dec703e,67
693fd2ef4,103
993b3757b,4
b0d0e7cd7,67
5e216ec7c,48
a1b4dc452,73
c6326ffed,67
7ca677dde,67
2bd2ebfa9,4
85f511409,4
0ed0741d4,4
1fe1115ee,67
2ef28fa69,4
06a271f97,4
a666bcc36,67
369e356df,73
5c38776b4,4
486248544,48
4194b2615,73
832b85df9,67
0a8a36c25,67
de9010824,75
7d3786848,4
4e933f65c,67
624196c26,4
e56916c4c,4
f4684cdeb,67
6b47e8357,73
0fde7a334,48
6c14532cd,4
a68286bc6,48
f735fb308,67
fac4230e7,73
02d846418,4
a6ad089f9,4
9cb714943,4
d1655f52d,4
f0da19dfd,73
2482d97e4,4
5b89103cf,4
441c13b73,4
0b061eae3,4
0dc507ad4,48
c3ddcd12d,67
4c91c2a8a,4
e68ff576e,67
aa118cbeb,73
76bb433ee,4
2c05dd6e0,67
34d222c51,75
95eb4c83a,67
2e21540ac,73
38b48be78,73
b545ede10,48
c87c12901,73
4a1d07383,67
4698789b6,4
29f4ab45c,73
6af290ef5,73
26914358f,67
832e7cf1f,67
071eaaad4,48
17625283c,48
40fc0d8ba,73
56e37b524,67
6820bdfb3,4
5df38050a,4
b020fbff9,4
d9268cb57,73
3daea4675,103
631f04e66,67
0cf33d505,4
f986f94f0,67
a9855f136,67
42acf797c,73
a4cd1d43c,4
402023b27,73
eb71bcdf2,4
26a12de02,73
cc256396d,73
6ef0b83d0,48
5ec08d254,73
76e3166a8,67
44af20a55,4
e2987599c,48
c86cce658,73
f51e1baf9,73
f0f7de90c,48
9fcb174b6,4
4c6264df6,48
61290cc43,67
c20b4c81f,73
9f3fabc70,73
c54530ff1,48
ab6404be4,73
6273f48ef,4
5e2125e43,67
33ee9899d,67
689eb9f68,4
fd44aaefd,67
e2194cc70,67
22a46a27e,73
3a81df4d4,4
6387659fd,73
82316b58b,4
c44d85f2f,73
500c6294c,73
3875d3601,4
3ff83ac2a,73
fc13d942e,4
57d893ed7,73
d5ccfad53,103
315d0c65d,4
dbb703916,67
7d759eb81,67
e59f4958d,67
ff2804289,4
7dcc4ff7e,67
8bae211d3,4
c404b8c8e,67
c701bae84,75
d2cd8b9fe,4
a829407c3,4
a5d4584c3,4
f985ee0da,4
5f1a08959,67
f99834b3e,67
a78af18b7,4
cfc106ac3,67
40a956d5b,67
f95d4b24c,75
1a9d0eae3,48
31ee17f77,48
47f8f7372,4
deb71b934,103
fb91caf96,67
fcd2cb7e0,4
cc9d66275,103
32a1d9f65,4
c2b3daa2a,4
91212615a,73
dc5498af1,4
52a88af32,73
5a2911399,67
ab3bcad5b,48
9d9605a15,4
785f14a23,4
476283f9c,48
db09a299b,4
a13d3dfa4,75
abc1d37b6,73
654504abb,4
cf787b891,73
c2ddc15a6,48
f267d94cc,73
d4c799460,73
323884b26,73
30ecc23d5,4
e256b0ce1,67
d09882bb8,4
2a0a2ea23,4
251a8d95d,4
1b4edfea8,4
465fca558,73
581ead9fe,67
2a608c0db,4
f1184530f,4
b241ccc78,4
139aad8b2,73
da176437c,75
486715238,67
06cf3311a,48
6d48de3df,4
2072cd9f3,48
1e8c44cbe,73
2c7ce5049,48
8c5e0c760,4
d82a21bbd,48
8f76524a3,73
405a7d77a,4
c0e7198e2,67
b845a0f00,67
c5d48fbbf,73
d46919710,4
7e3369c19,48
d7388a066,67
1dae04aa5,4
63e2e3e4f,4
d7a9e0691,4
f9c931893,4
6e08cae12,4
41230fe49,67
67dbffd24,4
b0f5721ca,4
a024aee0f,48
c96004e94,73
1cd461407,73
53b2da1bf,4
62a682a26,73
ed087f460,75
1da642ca9,67
18c7b92b8,4
367f0d3ab,73
e6ec47b1d,4
51d113f3a,4
754eab3b5,73
c199140c3,67
64f9d993b,4
1ef426390,67
c785abe6f,4
25e5d12e0,73
298ade3a4,4
40ff0c11f,73
523df966b,4
69e41bdea,4
cd16a306c,73
618ded9bc,73
5fab0c048,67
589fe7959,67
3816dac91,73
ac8d33b0e,67
f969c00cd,67
f89a5307c,73
cb3ba4df2,48
9e99e1332,73
d6c7e918e,48
a24932259,4
a859410aa,67
d907ca7c0,75
00e4f514e,4
aeb67eefb,4
e6dc466d6,4
9b9c0e574,67
99617ebe0,67
7f4520e95,48
e46998f4d,67
f65475a24,67
3522d5b4e,67
d4ab201b8,73
6fd484575,4
2213dd7ad,4
5d3f635c6,73
ed308c95d,73
c3194a1e8,48
edecaff0a,4
37bd7591f,73
035f7cb0e,48
b7b3939ca,67
37e16acde,67
960cb8c40,73
38cf8682d,4
9a4cb2829,47
054412f7e,73
165378703,73
117aabfd8,75
cc0db3719,48
1548838d2,48
f351a6e43,73
2b5d0e5c2,67
66e6f6938,67
5ac870ba2,67
add649c7d,73
b7a8c231f,67
f028e8401,73
bb0b9304e,4
8257df18f,4
f42d2d722,4
04c9322f3,67
d97215599,67
36b0477d7,48
d69a2d62b,4
3341a6efb,73
034ef87a4,4
705344bd8,4
0d27bbb79,4
19e239913,73
416e24d42,67
44d4d79f1,67
099a2107d,4
5954973f3,67
0394a004e,4
7b3780a82,73
9924275c7,48
d31f5a836,48
abed810c6,75
d25115245,48
97a7c1e5b,48
84b7495d6,73
e1e7f8c61,4
c92860c63,48
bf54b2c66,4
4c0a72203,73
f85a5ee9a,4
1c39926e6,48
89c87633a,67
d2b091c3b,48
6b82e86e7,4
8846a7457,67
b51c9863e,73
8e412c7e5,73
6557acff6,73
0e62ddf15,4
03c9840a9,73
a69c80256,4
dd20b2594,4
2cdb115b6,67
a8a8b4261,48
2b313ee7c,73
35cb5e3c3,4
05b14593a,48
65d1f9b28,48
344a190fa,67
9d56168f2,73
8fcb4c7e3,4
359625cf3,48
77f6880d2,67
a0e86b0b1,73
4f363e9db,4
05a947c38,73
e5b0c4faf,4
50bb7de2d,4
f84335116,48
fb56bcd7d,48
052d2dde2,73
d4ae8d14a,4
6bb4e9d41,48
39e216b40,67
524961d31,67
6485b01ac,4
90452c872,4
c4081a31e,4
b2b7e722d,48
78f6357bc,73
fd168583e,67
20b97d483,48
f83e299b4,4
e5ee0be59,48
5ff57970a,4
4de97f685,4
bbaef0141,67
ce53cea31,73
0e8760c38,4
0a9e05e74,73
01555bed7,67
8459de1be,67
0a4ddf5c2,73
36f02d6c2,73
b1296679d,75
4e792387e,67
adacc3a94,73
35946cce9,103
2a0404164,48
7504b36cf,48
811add27f,73
38fdf8c81,48
f0f03b04d,73
7c8c55147,67
74fdf6cc8,48
3052916cc,73
4c4caa583,4
241202d64,73
54281d31a,4
b022bab0f,103
39ceb1ff2,73
ca96ff636,73
e91cb4f98,67
202a8996e,73
146463828,4
5a68d7893,73
15b77ba34,73
e2cb25f6e,67
99be4bfbc,73
b4d954bdc,48
cd703e25f,4
485a5ca01,67
c0f55d16e,4
d97f377fe,67
87c39a44d,48
6291210cd,4
d6694bd34,67
5e802f360,73
26806e9cf,67
26a9dc162,73
0db15a736,73
301054988,67
dd959de66,67
e3e51f37a,4
60711fbc1,73
bb0e5dbe4,48
38ea80b60,48
21b24a7fd,48
68f48e5f5,48
78f5768d9,48
910b97274,73
abd425a9c,48
8a89d3315,73
2d0fa50dd,67
5b9de4b19,48
d53eb8a52,73
5a2fb5300,67
457ef8195,4
06006e0c9,4
72b3fdfe8,73
d9004decd,4
a7046c744,4
892426d11,73
777ef8066,48
46002f8b4,67
85934f1fd,73
a1ecb0622,73
bd9cf6b4e,4
61da47774,67
7b9220d4c,48
b2b4ffcd2,73
fb8d27d87,48
94693762f,4
6823dfca4,48
2f0224a9f,4
c9cb86f46,73
15c5a0a46,67
0cb8a264e,4
9a1c7e11a,4
df5a78c3d,67
ed8f1770c,67
6ff58f465,48
f5277593f,4
3149540a2,73
ef761a150,73
f5ce3d423,73
a6e0df6f5,67
274009fa1,48
4bf7df629,4
7fdb7247e,4
81c8c5199,4
45162353e,75
67ec88f39,48
1c92e2b89,48
23e50dcaf,67
58a01b39d,103
8d8da7a3e,73
6abf7f144,48
3b71397a9,73
cab155898,67
0401b69cc,48
135359fe2,73
88e6ef51c,4
f9618eb56,73
0c8b4c597,4
b319ff6ce,67
7c3055bc8,73
042c90107,4
bfd66b238,67
3496823c5,67
80acbf30b,73
93100914a,4
22324cd72,4
906121480,73
06ad3fc5c,67
1c435d13c,4
7077a94ce,103
40bf06f20,4
18377be3f,75
60a51b6b7,4
220b46a44,4
87a338501,67
5aafe07bf,67
42ce82871,48
9843c53a6,67
624d13949,48
5ff30ec8b,75
1951c5fbe,4
04a9517b0,48
67714a8d8,67
289e5b823,48
08516fa85,48
7e512d140,73
4d761f97e,73
4a122e0ad,4
f41acf49a,73
c34f2139f,48
4994522d9,4
3744d58d1,73
b840c68bc,4
b8e0b2ee2,67
a5988f75e,48
ad6d4b44d,67
bd2e8c9b0,4
0bfb74564,48
cb3ffeb02,48
f33705a47,4
71aafc964,4
8cf4b952c,73
b9231d9bd,75
46f943627,73
2861b1d79,4
b15603bdf,4
795083f79,67
9a55c6f1b,67
b63ea2bf3,73
4b781211f,4
5cd55d54a,4
903bde9b1,4
a3d606459,48
1b0d7769d,73
05a32258d,67
54b444711,48
c33ac1a9e,4
dc7a50dab,48
bea75c9d9,67
d615fd16c,67
26bfb56fa,4
ee559b5b0,4
4955fcb53,73
ef9f75d12,67
5745b1abc,4
698eea745,4
f2d476916,4
9121b3849,67
9e31cbe3b,4
4171d3272,73
778c53136,73
211c90566,67
05ad9d40c,4
dfc4c6de0,48
494e86d83,75
6bd4a7ab4,4
4cb8ab033,4
e2480f460,87
d5628d4df,73
725cc0c4a,67
86f4d84a8,73
d1b715fc8,67
e96b3436b,67
10c4c8d44,4
69239f8e7,67
78be4d100,4
5a33b53eb,48
7949b71c3,73
46656822b,67
f2702f681,4
e1bcbc106,67
3eb77db12,48
4daec49fc,4
08263abdb,73
4d14ae692,48
1d88115ad,4
49f972c08,48
5892ebde8,4
f95b41656,48
1c4ad0e13,48
123a13515,67
8f01b1034,4
edad0d3ee,67
3dc7bb76a,4
afe1e4f66,73
0c705e746,73
a0b262e40,73
dca3a0787,73
39e73d88c,75
ade6312b1,4
5c1b0f7ce,4
35a08a010,67
30e68f7e7,73
50f72bf43,4
1f7554862,4
0fa462f68,4
345f66bc8,4
4bf799dba,48
4bd6a1f9a,4
3267460df,4
b0c7165ba,73
fe0e1d7c2,73
df88a9d81,67
b3541d83a,73
720920606,73
71525c500,67
e60d19647,48
59265d2fa,4
33096a299,4
58ff9dbee,67
7d6a2ef07,67
07f8cc8ca,48
4383d6782,48
27ba808dd,4
5a80d4beb,67
f83f81e9c,4
f353716f8,67
a5c3359e5,73
eed32e9a6,48
e69fde9d7,4
bc8917394,48
548a35991,4
653ee9b0b,4
216703083,67
cd053695f,75
eda07476f,48
36a261537,73
c2fe4e836,4
132ebe116,67
0d3269c35,67
8cc1fc2f6,48
245d80d97,4
8afe59d10,4
36a638215,73
6b132a6ca,48
94e8795c1,4
fb223c3be,73
5bcf739c3,67
14453eb64,4
ad85435d5,4
3f315b0cc,4
e1a0d5f24,67
347c449c8,73
b651d313e,73
de882d4e8,4
6afc9ee54,73
38331a6e7,73
04f9e9721,67
7d9caf815,73
a16bdddf1,48
398744450,73
b4a235b93,4
400353bac,67
c07cac3dd,67
768bf1fe7,73
ef65f22fb,73
65ad21fda,4
dde25205a,73
20e16a0b1,67
088864629,67
2c009b580,73
20aea9077,73
7247cc6b3,67
cbe14bd98,4
8daf31854,4
54c0482ce,4
c36c6ab5a,67
fba0bb7e1,48
f61465618,73
73d138dbe,75
5ba637a6f,67
11b363237,4
003882deb,67
54f09b0b4,4
e41a75354,67
161acbde6,4
e8746af68,67
0315a723c,4
1b4beb2ee,4
f029a3429,48
8f9a206cd,48
6f03f9497,73
3d7e6922e,73
be06b31f4,4
e72d6bcc9,4
be3873f5d,48
e3beb7e77,4
68cd38577,48
c162978be,48
2f460d807,48
473db5fc1,67
86c0fdb4c,67
ec40512de,48
bbf51ba25,48
4fd8099de,4
c298d16b3,67
53c6c23b1,4
1eb8876a9,67
706729fd6,48
6a29fea52,67
813efb8b3,67
5078ff4b8,73
bd612f053,4
e4cac2e07,67
c8c88493b,73
bcde05c42,73
707178bf0,48
dc5ba9ff5,4
0b8824c7a,73
ddd367d19,4
d123bd691,67
eb0d37eab,4
5228fb3fa,4
f36c00407,67
a40c5b66d,4
3f39dac7f,48
7eba030d5,48
d51f2e142,4
0bc95b595,67
69930f05d,4
27e7900b8,4
abcdf9705,4
1fa3035ed,73
97beecd94,4
a167a159e,67
d1b0f75fc,75
973172c57,67
5b9059868,4
789f0394a,73
50f97c747,48
d55497abb,67
cd009e1a0,67
d19fb376e,73
b8e1080ce,67
f98f94bac,67
f85f090f3,48
5e56f69f6,73
77f19a3b9,48
1beb08caf,67
437e2a9cf,73
adad9bef9,4
a9a93e3a0,67
a1e81894c,67
1914b6245,67
f01658320,67
8d729fb61,67
98320c076,48
1161f79f4,4
6d8ba2cf9,73
fb745f800,73
268c2e415,48
27c74d8a8,73
2a9af9154,73
16e29883d,67
bc62cedd8,4
675aad8ff,4
7db7456c8,67
192bbbbda,73
b796fe951,4
f66e3a446,103
006afe0ef,73
a114ff305,48
52178db26,73
58df72bc0,4
93efa8927,4
c38884c9c,67
f2a97a3bf,4
c359190d8,48
a425fc6a7,48
2afecec3c,4
1344e985d,67
789e0279f,73
bce769fa0,4
297d94118,73
027ff9d9e,4
25b587ccf,4
7b63ffb33,48
cb05fa534,48
6d00d0707,67
4e8b618c7,67
a546be8e9,73
39a628cff,4
661e5ee1c,48
2b71757d7,67
22207b7e5,67
1ef078208,4
87ad47626,67
edc4d0f73,48
2a5d624ae,67
aa063d915,67
e2ef28251,73
27c66fcb0,4
8b4182aa1,67
75bb87271,48
e8a5b6337,4
b382fd54c,48
8e96d5481,73
c6baa2b95,73
90db97153,4
b30c2d7fb,4
2ce2f09d3,4
b466a17e8,67
0a5f90dd1,48
e9294bac5,4
a6672b875,67
828abe04c,67
41eb38ad4,67
2d6826d81,73
140c059f2,73
d18ee118e,48
339153138,67
0c4cc8319,4
5eb156e33,4
a9a679316,67
b507ebc7c,67
d4afbe85d,4
16c7a397f,48
742ca771a,73
40daf3243,4
fe6889fe9,73
e958b63e2,73
d77fa0d2f,73
3e7922328,67
e71ef6701,4
f8eb6ec7c,73
75d3452c1,4
bbce1172c,67
035d2bcd9,67
423c62bbd,67
3b8fc5371,67
5eab13f01,4
6d2e2b6a2,103
24261e7f3,48
100c6474a,73
4ae7d6827,67
2bc5a1d42,67
7bba13923,75
83a004123,67
7d1794961,4
a11918aa3,67
791899b46,48
c63f5d38c,4
950a866ca,4
92c92500a,73
6841f21d2,103
61d566521,4
3f36f3f32,48
007455d6a,4
ec53bc088,48
e4e16eb70,4
b41a52def,4
acd61abf2,73
999be9923,67
967133383,48
8303a6784,75
9b3779536,48
bcb73b724,75
54454ed83,73
1e2c7b899,73
1157fe26d,73
24032b382,73
1aebb60d1,73
d8a5ce5ff,48
c7827133b,67
eaddf667a,4
c3ecbced7,4
3c401022c,73
b390e248d,73
d9af9a571,48
3bfb94587,73
6d7b4a632,67
cebf5375e,48
fdf659ef5,73
ddbf2eac2,73
543a799bf,67
fc354c0c0,48
a939e29d9,67
cbbe148a1,73
bfa9dec26,67
35372e4f4,4
df16e4771,4
29d87bc0c,67
e46dce22e,73
d96704410,73
a078d515d,48
605131c3a,4
f7457839f,67
19e44b02f,73
2c8530a58,4
82dd63dbb,4
1a2ba059a,4
3c3316506,4
e27e698bf,4
f314ed416,103
45093c3fd,73
87827d39e,67
ec51d8607,73
50fe6ebcd,48
a781c6147,48
ba9fa9f30,48
3b2fe5739,67
08a7d77fa,73
1886b234a,4
dd4899180,48
c16bd5262,48
d445b47b7,67
53fb48abe,75
07be81d64,67
600da56b9,4
a97f64861,73
a42065058,4
b6bc88c1f,4
532e6c637,4
0ac5ebf0e,4
fab4eca91,48
c58d1fe16,73
b2d3bbf61,67
fc4486b5e,67
909b6223b,73
b3411ee1d,4
8098272f9,67
4500b8a44,67
725611911,67
6ebdc31d7,4
49f98b25a,67
8899c2050,67
0e1199571,4
4de9ab35b,4
a155b0167,67
98de1be5f,4
a8d7d90ae,67
12eb5dc94,4
ff5fdbd84,4
5629fc992,73
812b38844,4
ed7123e07,67
330cc9d05,67
7f9351c2d,4
8226b3a56,103
db735ff57,73
b59846a6c,4
4ddf168de,73
139b1d751,4
b26f33224,103
500cf0ed3,67
d31117d38,4
b0b2364f5,4
213cea039,73
a7bb097c3,67
5c5a534e3,73
8ce0043be,4
381bc1702,67
522ea009b,73
2623d36fe,67
3ebeb5ac6,48
e20191edf,73
c3bf03c46,73
d0ee253f0,67
e3d055215,48
0501292e5,67
7db900a9f,73
906ed5d8d,67
1fb364cd2,47
114c7355e,4
51d6b9846,67
5d4d774bb,48
d8c46cf4b,4
29a77c458,67
8c0e403af,48
8b4b27e9e,48
565242c3b,4
ab5f64570,67
da0fc52e5,73
dcf4672c6,4
eea95e8a8,67
bf4bc1677,73
3758eaf1d,73
ae2b1bed4,67
20cbfadeb,4
cd88f6d4a,73
9fe09edeb,73
56bb538b2,73
c3bcd37c1,67
00d32bef1,4
f83823a7e,67
1837b91e3,67
8c5ae49a8,4
7e8b191e8,67
f16b7e08b,4
48fb56f39,48
343bdb4b8,67
14e124c03,67
f3e1244ca,4
bd1dbe4ca,4
51507f7ff,73
79c1a3d97,73
a4841f6e7,4
48b37a43a,4
0416248e8,103
5eb9825ce,67
0e3a60b3f,67
1336ca52d,4
2a0a14e04,48
8eb64dc4d,73
bca2de14e,48
99776d4df,73
bad7b9ba0,67
afa3fc6ce,73
bba2d82cc,73
661307d74,48
fac7af031,67
f0de6586c,67
02eea69ff,4
35311eba4,73
b134d8c5d,67
e240c69a0,67
909ea73fd,48
a8ba067d1,67
fb02c411b,48
459ef45ac,73
a7c42fdb2,73
8fa8ee1c5,67
073a72a81,75
e25ca1054,4
92c7c2838,4
d39b5658a,73
bac490985,67
ed0be72ef,48
d32d6ccd9,4
546744090,4
d6e9bc323,67
5b15fd082,73
47134493d,4
370c2501b,4
8404dd232,73
4646117ab,48
7dab12862,73
ac1156cb1,73
733de405f,67
83302ca82,48
a893581c4,73
89bce4769,73
884593f79,4
6a3e093a7,73
9c0cad204,4
d982b80ea,4
383e2e03e,4
03333ea62,4
501e378f3,67
5398f55f4,48
ad77c781f,48
0b3c9e1a9,4
ccb9b5cc7,67
65bd3368a,73
110f7428e,67
ec68ef123,67
2b08a162a,73
bf85f6b58,48
05ef686b7,67
0faa6c65f,75
d49030919,4
502aa0fed,4
be1b79939,4
59372c831,67
20dbff58b,67
06bfec1b7,67
618ad631e,67
f60ba81cc,73
2f230552c,4
b2a96e09a,4
c8d684975,73
7d58bbc35,48
7ad932a97,67
9e7060f60,73
c8c92b3d1,4
04fdbddd7,48
341538182,48
632b5d37e,4
e881c39e6,67
a7bff7fab,4
2f75192e2,48
230b4a95d,73
e44de523d,67
729ac5e06,4
4fb19aefd,73
2b1ceb24c,73
6bff70a64,48
08c71ca8f,48
8b0aa3f7a,67
3da1159fc,73
2d10d39ba,67
5a11b89db,67
c425cd871,4
567e64f51,73
24cc36b04,73
9a863b9ee,4
85f3749ca,67
e43b134a9,67
28ee705b7,4
58ffca855,73
23a39f766,73
270665eaa,73
a959c7034,4
8de4ec677,67
08d076fb7,75
5245d1288,4
35e87cd85,75
aa016ddfe,67
03536aa93,4
7afcf9660,67
385bb724a,67
58879de83,48
8e6d1a140,48
9a1d5df73,103
1be394776,4
366fd6686,73
ea16b16c6,67
b8fd3b2f7,73
407df102a,73
081ee9650,73
f468cfed1,73
c80ef2e31,67
630ddb37f,75
fda794abb,73
1a5e9517f,48
98bb92c1e,4
53a6ecdc4,73
314dd31b2,73
6318d6cfc,67
eba77622f,73
847ffdf2c,4
4630fb885,103
6b3b8d49b,73
e2e96c56a,48
f8326b046,103
547815be0,4
b07bb0c22,67
e3c6e720d,4
629436111,67
dd4cb3fbf,73
9ebc88cdc,67
fd704758e,67
4580f61bb,48
7eb988267,73
ae8e8b50a,103
961163819,67
6348a7b61,67
8693ef6b1,67
bb88f386b,4
945155e8b,67
ab35917f7,73
cb59a4824,67
9e46889f9,4
75a50917b,48
37dea321a,67
7f3e45975,73
9677be74b,4
b106e1623,73
086fcc48c,4
31ad8f4ab,48
2c0fac807,75
70f9d13b9,67
90bb2bf7c,75
fa19200be,67
19d5edc51,4
597beba89,4
deb571149,73
8571d6622,4
9a2fe7b99,48
6449727d1,73
6aae558ae,48
cc4399647,67
f4c3dcb09,4
54a1667e9,67
75bbc4353,67
872eafd2e,48
bc707c021,48
51e3f656c,73
f796dac32,4
a9cb1cf8a,75
b8fbf9eca,73
625ea352f,67
282e04df1,4
6575f6563,48
012e26395,73
dba16733f,73
d66f375db,48
e2fdce920,4
9e006b3d6,73
e70be746d,48
5a83e84af,67
5d3d71c05,4
1e8175d27,73
0556575d8,73
f0e0f2a32,4
807ae65c5,67
56317c242,48
9e7a1bca6,4
58bb4ddb2,67
0875c4f20,73
5f3773437,67
3b58e0b0b,4
93178e5ac,48
61d0998a4,48
645e6c963,4
cffa0410e,4
2aba48b93,67
4746340a1,75
afc49f312,4
8d1bc9b54,73
45bd6ecd8,73
cd6748273,48
af51f29c8,67
749b744a4,4
cc7981c1e,4
dd613b9f2,67
88e754f35,4
2cba09f03,4
057112f09,67
d1196d6ef,4
1c63f50d1,48
69a3de639,73
101551fbc,67
ec6b3bff4,4
fcb500296,67
6cc34f6c3,4
4b86a4171,73
2957381ac,4
b3c636639,75
a2d5f3e8b,67
f67795cc5,4
c29915daf,73
c5d9914cb,48
ea0d2354f,67
24ef54ca8,4
9a3f6c785,48
44fc90316,4
07803a6a2,4
cb22250ca,73
edbb2c2f5,4
ec33a58aa,47
355abfa16,4
4a9e8f7f7,4
9009c7887,48
85bde49f1,4
a0add49a2,4
fe6da2049,87
0308348b8,67
9040a1e5f,48
b9ba7799e,48
cc16ab1ba,4
441f60624,73
5fc2cecce,48
3920794fb,73
8b5aa768a,48
734fc53fb,4
6da191d02,4
813ba4348,73
45c23ce20,73
eb92d9778,48
abf89f144,73
7c9f01509,4
f3a8be142,73
392d4f5ab,67
7263dccaf,67
311799a0e,48
c7acfdba4,4
51f607616,4
9290d73a1,67
4575d8130,4
8168ee82a,67
b6eb04bf0,67
bd6ee4ac7,47
c96b560a3,4
7cae1c547,73
74aaa5e78,67
0aa405eec,4
8556f75dd,4
e3fb7b8e0,67
a2e48b4b8,67
322b5e989,48
088b35ed1,4
cc446554a,67
6802325de,73
f55caa50e,67
464b2b309,4
fd311eab7,4
61547bf69,4
7405dd1d5,67
cf9cf9368,48
d90f33907,73
310f07ff4,4
cd6fb957b,48
6e60eef45,4
4a608f8ad,67
1a0d4b775,4
0dc26fe1b,47
5e76ba18f,67
065c9b5be,67
57f7948f4,48
b299b2022,73
3d9c51d3d,4
e2aef08ca,4
5ed355568,73
d4c0f8a5a,4
9067fb1fe,73
4134d5714,73
700cfcbd2,48
73633e6bf,67
a2ca3206f,4
08ffacb06,67
17c8dae41,73
ffb840ebc,4
687997bb5,73
d0007cc98,67
a0ea70e97,75
8ec1ab770,4
3569ab6df,4
ac869f858,4
9372a8558,48
fa7866999,67
c41a4be65,73
3dd834459,73
8a81cba04,67
52dc12639,73
c779948c7,48
fc70a3b37,73
48d8779bd,75
3ae3126c9,67
8b23979a5,48
9e9dda9fe,4
f9c4254e7,103
8a5353b56,67
0476b626a,4
fc601ec84,67
19a795eab,75
4191e9966,48
d02a2fd8f,4
1e155978a,4
087a71f75,4
576f07382,4
5b1353d71,48
5752ad3e2,73
1101a003d,75
a67769dd9,75
ce6b42efc,4
0e5e79e60,4
aa85a14bc,4
56a33cbaa,4
fa05f57cd,75
5934fec49,48
9d388b6f4,4
de8795ddd,4
6bc102ec4,67
510743b2b,73
72b388c16,48
fb7d17d79,4
62d2aaf89,48
8024a233d,4
4347196c6,73
9ea847197,67
033c8773d,48
4fa22a6e4,4
57cdc3f59,73
76809aa23,67
61f07f2d3,48
4bb5a49ca,73
67b85d53e,4
ee2fd195b,4
8ad63bcf2,73
063528d00,73
ecd73311b,73
15c1eb33a,4
2984c04e1,67
5924c5e47,75
36a930b87,48
8515fa3ea,67
9015e43c5,67
09a438bae,48
bfd8234f6,67
e9fc9a217,4
048fe3ca8,67
b79cf00ff,48
42a9682a8,73
64e5e148e,4
c515db368,48
f91c76038,4
ca3dd51e6,4
11f448738,67
a334e573b,67
2ffc025ec,4
2f36a9903,4
39236fa60,103
d59fc6634,73
1e954dd4c,67
2c8b6d457,73
dbed4d8d3,4
c080ec831,4
d29cd9c2a,67
a8428cf05,67
25b1a1971,4
e0f2a0864,73
a3355967c,48
be9d52ef0,4
114d128ca,4
dcb79c93a,67
8ab688113,73
78a777eeb,73
46f84af18,48
3232d6f56,4
c9ae3ceea,67
88f8cca3a,67
dd331079f,48
afbdbbf2b,48
aaa8e6d3d,4
d8d27a914,4
0240a9430,48
a3c091760,67
e8aba010f,67
e95556293,73
1557e4b6e,4
9c8dc2ba1,73
a01133fe3,73
fd53118ce,48
fb7984b64,73
e8978b192,103
9dac30b0c,48
69ca9a78b,4
30b7ec090,48
7f5e3f4d8,48
1fa6772be,4
5c88d781e,4
31a00d007,4
8b01cbd62,67
6a273ddf9,67
f77e765b4,4
de23c5486,73
6c925a18a,4
8a66bd5fb,73
acc5f6c4f,73
3d814b28f,4
256e89fc6,73
7012b4533,73
0b982469b,4
2a99b0118,67
82f95de55,4
4787424e6,4
c46f7eba8,67
dabb82074,4
c2a609ae7,48
3901d45a9,4
9cd8464ef,73
4e19a3a2f,75
fc2199013,67
84b9be4d6,4
306cd2f2b,73
a36120551,48
a8ec16428,4
cfcd57260,48
d4bd9703f,67
b688ee356,48
801b2e0b5,67
70077ecb9,48
40da3a46b,4
4156a2861,48
2c2ffb258,73
c7d865058,48
7d5126c94,48
3d44a717d,73
75b41a741,73
71c57f5bf,4
af181a2a3,75
54a9c9512,4
0feb4e2ef,73
2cb6d8130,67
7eb08a18d,67
6821046ee,67
357b3b1d3,67
b37712a07,4
c76daa7f8,4
e291c8794,67
da4c0be52,48
a030b3e71,67
435326c89,67
d92a98c89,4
8960bdc5f,73
ae61e912f,4
f86503c22,4
6395b130e,4
4ca32d7d8,48
1bbcb152a,4
b0ddbab02,73
1ee86a298,48
59b2a320d,73
edc4bea12,48
974d0a175,4
a3500e94e,67
5dcad39ff,4
cb225cfe6,48
f10187efa,47
411394fae,67
d56f1eaf5,4
7165bc7ad,67
74837e719,48
ebc612beb,73
f1641e325,4
53d9b87f7,4
8b86c4635,48
4e4c57892,67
a46582e86,73
990ca8dc7,48
2c2f59092,67
ce97c8026,67
8b7fbfa1a,4
b7aca2c8a,73
4cc12b820,73
616bbeb90,4
760a844a4,73
9e4dee17e,4
b3faa4ebc,73
4b49bfc87,73
856a55f6b,67
88de21f46,73
4f7f265b5,73
6df282095,48
cd503942f,73
b0c17d5c1,4
3b6693e00,4
f38c7346b,4
2103e7549,73
bf6653e3f,103
5d59f9a69,67
1971e15b7,4
5285b9c84,67
ac63c6d38,73
33ad24008,4
eb6dbc774,67
5675c2ee7,73
54d263a8d,4
63bec561a,67
0a98a2179,48
dd8b1aaca,67
21c09e349,4
5359b52dc,4
275fa220b,103
8bb630662,4
c22e3bf9f,48
cf86bf7e0,73
8716d5221,67
5382ac6d9,4
10f4c026f,103
3b60b5bae,67
1fed3b30e,73
a0dbd84e8,48
c5ab18c87,4
f68109bb5,73
d06adb15c,67
6cc8bfcf1,67
2e494a369,4
72e6df7f4,67
af8f3cceb,67
ea86d7b46,73
db95e1a99,48
d3cdb9655,73
f822afd0d,4
2939aa5df,67
d3777d5cb,73
ff0e67f2f,48
f56f35811,4
9eeefb070,67
5ec9553ea,73
35d5521e7,67
3dbd32e8f,73
22c98bd18,4
d17ef4e5e,4
cdd700dd9,67
b3cc561cf,48
a74852f37,4
bc4c39336,4
730cbd08f,67
fbceab432,73
af669d8e8,4
ec80c1413,67
034fca563,4
19248ab83,67
42ec55913,73
82856ba28,4
50ae0bab4,4
40cec32ac,67
96e4b2ef0,73
dc4f97c9d,48
8d9ce649d,73
64088707b,75
2e0bc183b,73
98dcdf215,73
f23084f4b,67
f9c5a4820,4
691acc46f,4
3dc8e9edf,4
9351e7281,4
7c734cbb4,48
4f5a0a2a6,67
773cb6978,73
4f5abe367,67
d2e838de1,4
d70ee220d,4
4a9a2ca92,67
b9fb466af,4
a67e861a6,73
dd103a297,4
99536c670,4
60e283191,4
285ff0263,48
8bc85ca8d,73
ea0b66dd1,4
e053b45c3,4
6f81b250e,73
31f2e5155,48
4a98c96c1,67
3b66bda54,4
7f0c3fad6,67
c06c7ca88,4
623270c63,4
adce755bc,103
3fd719b67,48
7fc947bde,4
756c7c9c6,67
0a2e4e1f8,4
9b49af313,48
14057210c,4
40073bdcc,103
30da0fe81,4
b8c5eeb8b,4
b5f49135b,48
503c5b1ab,73
805a4dfb6,67
c49f75868,67
33332272e,4
109a722a1,67
8deb17128,4
a86983a99,67
bbd3eba7d,4
b86044a66,67
f1516a306,4
ada4b9362,73
24c202e61,4
36c65119a,4
721e72651,67
718f47a1b,75
2d64f0901,4
79c33f52d,67
7244c8b3b,73
43428f900,48
3b7f6b220,4
ae331a500,4
2c2579451,73
a5c902dab,4
9d0d80d6d,4
0693e839e,67
cafd03a2f,67
fea3b6b40,67
56f31776d,4
6a664ced1,67
11ce56786,73
bcc60f666,4
df17daf47,67
fa0d9a392,67
64a1bdd75,67
c393d0e16,73
c74e100ff,67
f9d24e47a,73
aa5c575fd,67
8d8c840c4,67
341b65192,48
f0f7be744,73
469301bcc,73
0fcde961f,73
e3b70ca71,48
787c185b9,73
96c6c97f9,73
67cc6b5ab,4
7668e5204,4
250f0fa92,48
7d47fa7ba,48
26417279a,73
6fed43511,67
822b2880f,4
5554ae705,4
904bafc6c,67
41716e097,4
3c1645928,4
6fcfa47b3,4
597bcc032,73
ba782cc48,73
93c15dc29,48
e0df04630,73
a1bd64c5b,75
706aa9df2,4
cddf33a9c,4
8bfb79995,67
91610e157,4
16b341509,73
7b6338bee,48
4191c5547,4
cbf0f9495,73
1cccba04f,4
154896ab2,73
ff1935c29,4
2a914ceb8,4
378c2a70e,67
2429cadb3,48
c52b1e973,67
aa1db9aef,4
a855179f9,73
64923375e,73
d7a64d386,73
0021f0d33,4
79423d8e8,4
d390d32c0,4
d8bfdb6fe,73
fcb1d086a,73
532c117fc,48
103a4a0e6,4
c2e2626e4,48
846099053,73
a3d0a07a8,48
2d46aba06,67
09c208a92,67
3912b7506,4
10e3859fc,73
e95ce8077,4
d7b1f9c1f,4
e7870e8a8,4
939f715cf,4
155f68180,4
a7b14afce,4
f69a85264,4
ebc1583ce,4
3f6b5757a,67
e7ec33080,4
4bef06f11,47
65f299d4d,67
055ca7ae5,73
b12c4cea9,4
eeb2d5691,67
d47eedb46,73
ed1e5c7aa,75
6a2552916,4
4751e93ad,4
4d5836f7d,67
d30a6e9e5,73
d5f6e40f7,48
023520fc4,67
721301e6b,67
41163300a,73
b043db93b,73
e3069605c,73
d9eedd469,48
039b15a83,73
d470e311a,48
fb3530a46,4
9fc4a402d,4
79e573478,4
ad81d29a9,48
1aeda3f6e,103
5172a3da6,67
3ba0b4f6f,73
79f507d4d,67
a2d6fcb7b,4
9856ba8b9,67
5574a3c79,73
d5b001638,4
97de1dee0,48
3a6847333,73
797d44519,4
58379dae0,73
4289422a5,4
0c295f0fe,73
d062630fd,4
01163c5e2,67
f4feeb150,67
e0bf00d7a,4
51b1f6a59,73
ad3eb529c,48
6b4fd7e01,48
dc680460e,73
9a6716090,4
0eb530d0d,67
4779122c2,48
a7d70c4de,73
82b0ce34b,4
c9db9600e,67
3333af434,48
4fe029378,4
3d99a3247,67
25b7cecbe,4
fe40a3dae,73
df5392f38,4
75e80fdfe,67
14b239870,4
eaaeacd1c,73
5193214a6,48
db0212bef,4
651d0b2f9,67
9ba7dcc7a,73
f3c3215ff,4
d5d2c10fb,73
a1b523d1e,48
b1de2b162,4
05d03cdb2,67
d06bf1078,67
6fbef3988,73
3ff1824db,4
3ee4afec0,73
6a099e4a7,4
e45e707db,4
653dc3b58,67
0c6b189f3,48
f5da36491,4
7a7c505a8,67
061e3b226,48
3a3274d90,48
d12bd1d03,67
5906e9893,48
ce6f860f1,73
e1adf9362,73
e80bee440,73
735783bb8,73
e181cdda9,4
d36d163c8,73
043666ac5,4
4df5a7b4a,73
69ed9d7a3,4
5e7372874,67
48689d750,4
e079e7ca5,48
db4859b98,4
2451960a2,67
941dde56a,4
024ecc6fb,67
f2d9b993d,48
38bc8b746,4
8482cd4e5,73
39bb94d66,73
ad06e1507,73
6c0edcf33,67
393d8efdd,4
4217c1328,4
5edeca301,48
0a38b5a6f,67
66574442d,73
eeb419776,67
caf89a8f1,4
8427d213c,67
048596edf,4
babc5e002,67
ccdbfbc8c,48
a53fc71a1,4
8a223576f,67
1b0656451,73
f4ac8bd6c,4
760ce7b43,75
9264502a9,73
50f33fc4a,67
3edd04c83,103
658b73453,48
35b87f500,48
28f0909fc,67
089c2739f,67
1fc614660,4
a91c62b42,73
e85121a2c,73
6dc57d8b3,73
2b9d54083,67
4d42fbb18,4
41f7c2604,67
a76407bf8,4
8801493cb,73
f69355cc5,67
548fe4d32,4
39327a0dd,48
4c79f68f0,67
f0dc59c83,67
2dba0571f,4
061988edc,4
efdc65d2f,73
bcd68e6b2,73
5f024c911,48
3ad81fa96,4
c9c4ad186,73
f58f83775,73
d483748e6,73
6461cf7f3,67
709d4aaac,67
214121cb3,73
ecfc076ab,4
92b24e585,48
938b2ff4f,4
5227d80bf,48
a5f5634a7,73
6b5cf2a71,4
42fbaf02d,67
bf9efeb37,73
70e6b4f07,4
63d72a8b5,67
e8add9fd5,4
8c59b2b7f,4
bb91e163e,67
170517f38,103
74ecc535b,67
d8909ecab,73
7b1177392,48
cf8ee02e6,67
76f661311,4
bb1e822e8,4
04a7f34aa,67
b6559ddf2,67
64a087667,48
41cbb748c,103
b83336a9f,67
b167313d0,73
5e35708ec,4
04721ef43,4
110dac9f2,67
72848173f,4
e690ff8ae,67
4d20e5f0e,48
e2b90e868,67
916e18133,4
757866231,4
9c64cb14d,67
284fc118f,4
121fc6463,4
e8a1d04f0,48
b8c82be3f,48
65c796a0b,48
0cbc27679,4
ad60c3571,67
9a6e4aacd,73
467025843,4
ee6340fc0,4
c7cd71880,67
c6774c8ab,48
977ebbfb9,4
72033968b,73
0281e01e3,48
5c66ca3ec,67
00f05ea9e,4
f424ad351,67
f5a3fd7b5,4
c63df66ce,67
c5f7f7fe3,4
8d94bd8b9,103
11e3afa83,67
149c9e414,48
b7c02d7c8,67
490efc553,48
ff2ebb52f,48
4198fad68,73
2a40c5664,67
e9d6bf3cb,4
4b2c0659e,4
f87390b13,73
e555f7ecd,4
c0edbe84c,73
53f2f97d2,103
ff5d4568e,4
0186b465f,67
d4a2a2f29,67
af3c7a24b,48
911c029b5,75
674e50421,75
4c0f2c1ad,4
0134f018d,48
36f394d24,48
35659b2ff,4
56a71117b,67
aeb6e32ab,67
d20e60a1f,73
e109f9b0a,4
6759ac31a,73
f21bd29f5,4
878cb5b42,73
fb78539c2,73
7b506b5bd,73
fb6d4648a,48
897e8e24d,67
7cb1fb42c,67
f2a35c7cd,4
02055dd80,67
7e2ed4d52,73
4dccae9a1,4
07b1b52f5,67
1e0d2fb87,4
8f7576edf,48
42e378280,67
d0a654445,73
23a5ec48b,73
45ad763cc,67
350182af5,73
ac1af6f95,67
ff67d505e,73
f938ff523,73
501229169,103
9a879fb6d,4
2daf558c1,48
c1e39ffe4,67
7fe424fe7,4
d7c723881,67
a2e59aee8,4
f78eecf21,4
19e07f757,73
7605a3733,67
fcebd07c5,4
f8933e5d2,4
30e800167,4
c210cba33,67
341eee5b2,67
41ffad9d1,67
79f93fc6d,67
14a804b2f,4
991b607de,4
a21a2c1b2,73
36444082b,4
47830a2a1,67
6e4e60f69,73
80ceb515c,4
991294873,48
6e16e769d,48
6e979324c,73
2a158f54c,67
80ab4469a,67
73d04b4a0,73
5ac5273a9,67
29c460e2b,4
a35a4626f,73
f85c3cd52,48
920247fd4,67
055988ad2,4
bdb501796,4
5f2c16024,73
37b17ad81,67
cd86aac5a,4
3c36c119c,73
4028851f0,73
23d5c512f,4
9ca216086,48
da0a25a77,4
89f3b6297,4
e60d33c82,67
6162cab31,4
8cd1b6545,75
e810fbb6b,67
85b7e1897,73
9d4d22004,4
224416fdb,67
2b47bed50,67
25004084c,103
e34bf0fa4,73
878bf09bf,4
8965a61bc,67
7f19952d4,4
0cfca4a37,4
392443fe6,67
f5a7cbd09,73
ca1d1d65c,4
47f47a868,48
9fb9a9e81,73
68d5dc3c5,67
48faecd45,73
27c1d078f,67
313055a9e,48
5ca912390,67
5e166be69,73
b9b88996b,73
979d4369b,67
52dd86f38,4
3dd4e386e,75
e86e2a592,4
435e0f59b,67
881336587,4
a21f6d452,4
e207a9c22,48
6021f47e4,48
f26f199fb,48
c51ad1704,67
97dbf9d67,67
623b64d19,4
5699993e6,4
7d1005a2c,73
abac36cc0,48
02073dfee,73
7f5479556,67
1289609e3,67
831348989,67
e955870c5,4
9e7925f1b,67
f0fd3d741,73
3b7c11d3e,67
becdc1364,73
ce3c158fa,73
9cb5c3012,73
48526fccb,4
8361401fa,4
